類型,連結,第 1 欄,,,
娛樂搞笑,Are suitcases cooked? #edit #trollface #troll - YouTube,,,,
娛樂搞笑,https://www.youtube.com/embed/qAY2EX6Kil0,,,,
娛樂搞笑,https://www.youtube.com/embed/doJiBqHprSw,,,,
"娛樂搞笑, 遊戲",https://www.youtube.com/embed/iWo8Mgk4of4,,,,
藝術,https://www.youtube.com/embed/Hakpc95Y0TE,,,,
娛樂搞笑,https://www.youtube.com/embed/ivn-HaTAxGo,,,,
電影,https://youtube.com/embed/ME7TBUPf9m0,,,,
日常,https://www.youtube.com/embed/QfI1drls7io,,,,
娛樂搞笑,https://www.youtube.com/embed/thUV_jAArSg,,,,
"動物, 療愈",https://youtube.com/embed/vJRZBLxproc,,,,
"娛樂搞笑, 音樂舞蹈",https://www.youtube.com/embed/SgpVW2S1iAQ,,,,
時尚,https://www.youtube.com/embed/9UIt9lbnYvY,,,,
教學,https://www.youtube.com/embed/zyIcVvmxUMU,,,,
藝術,https://www.youtube.com/embed/IjsocxL0OLI,,,,
挑戰,https://www.youtube.com/embed/kCWBsqjV7bE,,,,
療愈,https://www.youtube.com/embed/DnCOtQa4Gmk,,,,
娛樂搞笑,https://youtube.com/embed/k7Gq8KcO66c,,,,
娛樂搞笑,https://www.youtube.com/embed/psgThmiJwIA,,,,
藝術,https://www.youtube.com/embed/fJ4diJnTC7E,,,,
娛樂搞笑,https://youtube.com/embed/3DknZWhFt_8,,,,
娛樂搞笑,https://www.youtube.com/embed/ms8GyjYicm4,,,,
藝術,https://youtube.com/embed/01jlmAp6uZM,,,,
挑戰,https://www.youtube.com/embed/GD6uxSvC1z8,,,,
科技,https://youtube.com/embed/PXZL72VEFUk,,,,
旅遊,https://www.youtube.com/embed/vdEzN028FlM,,,,
娛樂搞笑,https://www.youtube.com/embed/G2OoVKBwlEE,,,,
日常,https://www.youtube.com/embed/3KP-78hEHBs,,,,
娛樂搞笑,https://youtube.com/embed/tPbKLsp_tX4,,,,
挑戰,https://www.youtube.com/embed/OZRg6Wc0QjM,,,,
日常,https://www.youtube.com/embed/oZgNvdzdLpk,,,,
療愈,https://youtube.com/embed/RFl5lEGgRTk,,,,
挑戰,https://www.youtube.com/embed/Q3Upj7QaJl4,,,,
娛樂搞笑,https://youtube.com/embed/meNxY8Q2CDg,,,,
動物,https://youtube.com/embed/kslRNvY8TJ4,,,,
挑戰,https://www.youtube.com/embed/e7B0BnEx_Ag,,,,
日常,https://www.youtube.com/embed/GNN4uphsYX4,,,,
娛樂搞笑,https://www.youtube.com/embed/QR7kqrCXMKs,,,,
實驗創意,https://youtube.com/embed/LgCKyr8TABw,,,,
科技,https://www.youtube.com/embed/5pexc1MHZs8,,,,
實驗創意,https://youtube.com/embed/HJgzIQ8KfsE,,,,
挑戰,https://www.youtube.com/embed/TaDAJgw4SIQ,,,,
挑戰,https://www.youtube.com/embed/A1A0fN1PY9E,,,,
"娛樂搞笑, 動物",https://youtube.com/embed/9oPiN9zaeL8,,,,
娛樂搞笑,https://www.youtube.com/embed/lXjIrXjjq-8,,,,
娛樂搞笑,https://www.youtube.com/embed/m0T2vIZTw4E,,,,
"音樂舞蹈, 挑戰",https://www.youtube.com/embed/O3GsFg8p_wo,,,,
挑戰,https://www.youtube.com/embed/iWo8Mgk4of4,,,,
藝術,https://www.youtube.com/embed/b_KsCyE_Pgo,,,,
挑戰,https://www.youtube.com/embed/j_yl5PuU7Wk,,,,
"勵志, 運動",https://youtube.com/embed/YV9pqFvC-kM,,,,
娛樂搞笑,https://www.youtube.com/embed/Zc1A3h3z254,,,,
娛樂搞笑,https://www.youtube.com/embed/PWeh93jR4O0,,,,
挑戰,https://www.youtube.com/embed/GowQowui58w,,,,
挑戰,https://www.youtube.com/embed/u3CV8jMJ6wA,,,,
遊戲,https://www.youtube.com/embed/rMOGXGN_j8w,,,,
實驗創意,https://youtube.com/embed/Mj746FiI_p0,,,,
實驗創意,https://youtube.com/embed/_Tm5jQ6iKc0,,,,
挑戰,https://www.youtube.com/embed/aGlYpC8xLvc,,,,
"科技, 挑戰",https://www.youtube.com/embed/x2vVqVDwRSc,,,,
科技,https://www.youtube.com/embed/Cnoj0jOMu6E,,,,
娛樂搞笑,https://www.youtube.com/embed/VaI7uqGcnqM,,,,
娛樂搞笑,https://www.youtube.com/embed/tpMupH44BPw,,,,
娛樂搞笑,https://youtube.com/embed/VwhGT6qj9E8,,,,
藝術,https://www.youtube.com/embed/O5PF2qX51Gs,,,,
藝術,https://www.youtube.com/embed/mQwYO2R_-1g,,,,
娛樂搞笑,https://www.youtube.com/embed/cfwOHm52S-E,,,,
挑戰,https://www.youtube.com/embed/q09cVcSUsHk,,,,
娛樂搞笑,https://www.youtube.com/embed/RVaQ4GuI35E,,,,
科技,https://www.youtube.com/embed/D5t8YCbRlvM,,,,
娛樂搞笑,https://www.youtube.com/embed/VwhGT6qj9E8,,,,
"娛樂搞笑, 運動",https://youtube.com/embed/I_u4j_syazs,,,,
實驗創意,https://www.youtube.com/embed/f5gYz_hX2Tk,,,,
挑戰,https://www.youtube.com/embed/WwJRpnA60fg,,,,
實驗創意,https://youtube.com/embed/j_yl5PuU7Wk,,,,
日常,https://www.youtube.com/embed/Ks3aMVQufd4,,,,
科技,https://www.youtube.com/embed/j1YwRPlbA8k,,,,
實驗創意,https://www.youtube.com/embed/6xww8nJW3wg,,,,
實驗創意,https://www.youtube.com/embed/8qLXo7lqJ1Y,,,,
實驗創意,https://www.youtube.com/embed/GNN4uphsYX4,,,,
"運動, 名人",https://youtube.com/embed/vari1hH1sH8,,,,
日常,https://www.youtube.com/embed/1k4KM6kAvIQ,,,,
"挑戰, 娛樂搞笑",https://www.youtube.com/embed/2H4-eR2hevI,,,,
日常,https://www.youtube.com/embed/GiKBPU9NhYg,,,,
挑戰,https://www.youtube.com/embed/9ObqbHpB4vA,,,,
日常,https://www.youtube.com/embed/sF2o3tueLUs,,,,
實驗創意,https://www.youtube.com/embed/gvcvFOVcgbY,,,,
"娛樂搞笑, 電影, 名人",https://youtube.com/embed/FiZlQ3C2RRw,,,,
日常,https://www.youtube.com/embed/jDCeDznmy-U,,,,
娛樂搞笑,https://www.youtube.com/embed/qWJ2PobM1jU,,,,
遊戲,https://www.youtube.com/embed/roXoks5AN-s,,,,
日常,https://www.youtube.com/embed/pR9UR-T5dKc,,,,
日常,https://www.youtube.com/embed/fAF8IWqEU04,,,,
娛樂搞笑,https://www.youtube.com/embed/dXlvvqhWJvM,,,,
日常,https://www.youtube.com/embed/INpCFIlfHLA,,,,
挑戰,https://www.youtube.com/embed/GcbjZutGm0U,,,,
娛樂搞笑,https://www.youtube.com/embed/94_ot09eV9k,,,,
日常,https://www.youtube.com/embed/C3vWz_VCtVI,,,,
"娛樂搞笑, 名人",https://www.youtube.com/embed/FiZlQ3C2RRw,,,,
教學,https://www.youtube.com/embed/uXN4YuL9n9A,,,,
音樂舞蹈,https://www.youtube.com/embed/i_YxR0cN0Ck,,,,
"日常, 科技",https://www.youtube.com/embed/WsiISp6N9fw,,,,
"娛樂搞笑, 惡整",https://youtube.com/embed/hZkM0O5wah8,,,,
"娛樂搞笑, 運動",https://youtube.com/embed/4bVJEjDblho,,,,
勵志,https://youtube.com/embed/EsRjiGerD5w,,,,
"娛樂搞笑, 挑戰",https://www.youtube.com/embed/tCLPyl8y-YQ,,,,
遊戲,https://www.youtube.com/embed/evZXGPKO3T8,,,,
"日常, 娛樂搞笑",https://youtube.com/embed/r9Isv58fCIw,,,,
實驗創意,https://www.youtube.com/embed/mdS3wMAeOCg,,,,
挑戰,https://www.youtube.com/embed/S_5xL8c8xwM,,,,
"日常, 娛樂搞笑",https://www.youtube.com/embed/M2LwE9IrrK4,,,,
電影,https://youtube.com/embed/KM28ez1MStc,,,,
娛樂搞笑,https://www.youtube.com/embed/lxYN9p7v_kM,,,,
"日常, 娛樂搞笑",https://www.youtube.com/embed/_I7yE7L6Xpc,,,,
"運動, 名人",https://youtube.com/embed/eOLj0qO9vTE,,,,
"娛樂搞笑, 日常, 挑戰",https://www.youtube.com/embed/bSgQDz1rSuE,,,,
"實驗創意, 挑戰",https://youtube.com/embed/schca3mo03I,,,,
挑戰,https://www.youtube.com/embed/33hQRTxvszs,,,,
運動,https://youtube.com/embed/U8pjPpSJpQM,,,,
挑戰,https://www.youtube.com/embed/pvY_e9n9K7g,,,,
"遊戲, 名人, 挑戰",https://www.youtube.com/embed/_upEJq6X8Dw,,,,
音樂舞蹈,https://www.youtube.com/embed/55ZZzfzWxAY,,,,
"日常, 挑戰",https://youtube.com/embed/dnm7FnnyDzM,,,,
"日常, 娛樂搞笑",https://www.youtube.com/embed/lCpqoVqBMIE,,,,
"挑戰, 實驗創意",https://www.youtube.com/embed/HRFNYFI10Fo,,,,
娛樂搞笑,https://www.youtube.com/embed/uds9-E_Wo94,,,,
運動,https://youtube.com/embed/sijmAeXDI0A,,,,
娛樂搞笑,https://www.youtube.com/embed/2c9gZQO0VJk,,,,
實驗創意,https://youtube.com/embed/2eeaWIZWtFM,,,,
"時尚, 娛樂搞笑",https://www.youtube.com/embed/_uB-72aKQqM,,,,
"娛樂搞笑, 挑戰",https://www.youtube.com/embed/SajEwYBSYD8,,,,
娛樂搞笑,https://www.youtube.com/embed/67H_Hw071SA,,,,
實驗創意,https://youtube.com/embed/lf3ZrFdhWXA,,,,
娛樂搞笑,https://youtube.com/embed/IySLPBwIiws,,,,
音樂舞蹈,https://youtube.com/embed/SgpVW2S1iAQ,,,,
"娛樂搞笑, 科技",https://www.youtube.com/embed/67H_Hw071SA,,,,
挑戰,https://www.youtube.com/embed/iWo8Mgk4of4,,,,
遊戲,https://youtube.com/embed/iWo8Mgk4of4,,,,
遊戲,https://youtube.com/embed/EiHE3wkHZUM,,,,
"藝術, 惡整, 娛樂搞笑",https://www.youtube.com/embed/nvW2IVceLEY,,,,
"音樂舞蹈, 挑戰",https://www.youtube.com/embed/yRGSJTpfX7E,,,,
"藝術, 娛樂搞笑",https://www.youtube.com/embed/2Ps3iO7IuYk,,,,
"挑戰, 運動",https://youtube.com/embed/hQF07u4hgH4,,,,
日常,https://www.youtube.com/embed/RpsHOiV7RRU,,,,
音樂舞蹈,https://www.youtube.com/embed/nKoKM2KD88s,,,,
日常,https://www.youtube.com/embed/j1uIG4Hignc,,,,
"娛樂搞笑, 挑戰",https://www.youtube.com/embed/FHF-aNMk4Pc,,,,
"娛樂搞笑, 遊戲",https://youtube.com/embed/xAhCg_3GFtI,,,,
藝術,https://youtube.com/embed/freWWC10Kjk,,,,
"日常, 遊戲",https://www.youtube.com/embed/gsHiN_RB9zU,,,,
"娛樂搞笑, 日常",https://youtube.com/embed/ojVIZ5ACDVE,,,,
娛樂搞笑,https://www.youtube.com/embed/smG8k0KetZU,,,,
娛樂搞笑,https://www.youtube.com/embed/K3CE0EmSKxU,,,,
"實驗創意, 挑戰",https://youtube.com/embed/wmMp-3baWAc,,,,
"日常, 惡整",https://www.youtube.com/embed/eZ3ojexumbA,,,,
挑戰,https://www.youtube.com/embed/FN9qQD5mzhg,,,,
"日常, 時尚",https://www.youtube.com/embed/aqy53e1QotM,,,,
挑戰,https://youtube.com/embed/FWK_bys9cwQ,,,,
實驗創意,https://www.youtube.com/embed/PfKaTCVFrpA,,,,
實驗創意,https://www.youtube.com/embed/0u95PhWZr94,,,,
實驗創意,https://youtube.com/embed/lCpqoVqBMIE,,,,
"日常, 挑戰",https://youtube.com/embed/s8xD4RRjelc,,,,
科技,https://www.youtube.com/embed/rkqUSI9QkcU,,,,
時尚,https://www.youtube.com/embed/V0G950OZ_7k,,,,
娛樂搞笑,https://www.youtube.com/embed/akl3x5CLUBY,,,,
挑戰,https://www.youtube.com/embed/bTkpwSZInVs,,,,
"娛樂搞笑, 動物",https://youtube.com/embed/vHOxYq83UmA,,,,
"實驗創意, 食物",https://youtube.com/embed/5oD1TzwUlNY,,,,
"日常, 娛樂搞笑",https://www.youtube.com/embed/2ai7kHx3ZlI,,,,
娛樂搞笑,https://www.youtube.com/embed/m9BmrcnmkKc,,,,
"日常, 娛樂搞笑",https://www.youtube.com/embed/qrw05TMqvwo,,,,
娛樂搞笑,https://www.youtube.com/embed/xA0OMhu9dlI,,,,
"日常, 實驗創意",https://youtube.com/embed/fp9PTJZxc-g,,,,
挑戰,https://www.youtube.com/embed/9MmDw5vmFTE,,,,
挑戰,https://www.youtube.com/embed/VUL6_y98grY,,,,
惡整,https://youtube.com/embed/o9Y1o9Wbdr4,,,,
日常,https://www.youtube.com/embed/yv7HFcYfyko,,,,
惡整,https://youtube.com/embed/h5BHlJy0Cx4,,,,
"日常, 惡整",https://www.youtube.com/embed/_0bU0FAZqsM,,,,
時尚,https://www.youtube.com/embed/0JsDVNt-yoI,,,,
"挑戰, 娛樂搞笑",https://www.youtube.com/embed/yoQpDX4tXMQ,,,,
日常,https://www.youtube.com/embed/__0qIM4OyuA,,,,
日常,https://www.youtube.com/embed/eRbMR4twbMY,,,,
時尚,https://www.youtube.com/embed/DXNZtVmPBYM,,,,
動物,https://www.youtube.com/embed/OozRP78W7vk,,,,
實驗創意,https://youtube.com/embed/x2vVqVDwRSc,,,,
"日常, 娛樂搞笑",https://www.youtube.com/embed/NspHn_WdK6s,,,,
"日常, 娛樂搞笑",https://www.youtube.com/embed/MeO8zlWmOtE,,,,
動物,https://www.youtube.com/embed/Qh4lZ0ws0fU,,,,
藝術,https://www.youtube.com/embed/rP3N7gfe0nk,,,,
音樂舞蹈,https://youtube.com/embed/gMclsCxlQ5w,,,,
日常,https://youtube.com/embed/94_ot09eV9k,,,,
挑戰,https://www.youtube.com/embed/KlH8g-bdmws,,,,
挑戰,https://www.youtube.com/embed/wuHYLkl1wGA,,,,
挑戰,https://www.youtube.com/embed/bDWoHBshOBc,,,,
日常,https://www.youtube.com/embed/kgZN36Xje20,,,,
"日常, 挑戰",https://www.youtube.com/embed/jUpOY8Kvi-w,,,,
娛樂搞笑,https://www.youtube.com/embed/cyPLMioGuI4,,,,
日常,https://youtube.com/embed/xbUndSJFstw,,,,
遊戲,https://youtube.com/embed/CltD9N2Jz1c,,,,
"勵志, 日常",https://youtube.com/embed/57ifnvrZ9BQ,,,,
"科技, 詭異",https://youtube.com/embed/Zia5Hq614Kw,,,,
"惡整, 挑戰",https://www.youtube.com/embed/Wj93tdClfto,,,,
運動,https://www.youtube.com/embed/_BjZI4kgMes,,,,
惡整,https://www.youtube.com/embed/-ManL9W5yPA,,,,
惡整,https://www.youtube.com/embed/xEtvb3UFP1o,,,,
"惡整, 食物",https://www.youtube.com/embed/sQ-GHIlyeX4,,,,
詭異,https://www.youtube.com/embed/FIksN3GX7v0,,,,
日常,https://www.youtube.com/embed/4T6YZ7ZDDf4,,,,
藝術,https://www.youtube.com/embed/9kgV4AqpcjY,,,,
挑戰,https://www.youtube.com/embed/3TPzl7xOI7E,,,,
實驗創意,https://www.youtube.com/embed/tyYWPXWGv1I,,,,
科技,https://www.youtube.com/embed/uL2BiPxyRj0,,,,
娛樂搞笑,https://www.youtube.com/embed/2mhwFHFQgfM,,,,
挑戰,https://www.youtube.com/embed/dZEJ9vhci_M,,,,
惡整,https://www.youtube.com/embed/hIVqz8yj4lY,,,,
惡整,https://www.youtube.com/embed/nAUAvLpoLhA,,,,
惡整,https://www.youtube.com/embed/ubZznY6m4o4,,,,
動物,https://www.youtube.com/embed/nkprxyOsq7Q,,,,
詭異,https://www.youtube.com/embed/42GYYJH6rRk,,,,
惡整,https://www.youtube.com/embed/UrX9HqkC7HU,,,,
遊戲,https://www.youtube.com/embed/MTk8OoZMUuk,,,,
娛樂搞笑,https://www.youtube.com/embed/dM1x2TvNJJ4,,,,
動物,https://www.youtube.com/embed/BfKI_TQnQvo,,,,
娛樂搞笑,https://www.youtube.com/embed/ayyPQX2HH1E,,,,
教學,https://www.youtube.com/embed/Hmgz-ujGihs,,,,
"實驗創意, 名人",https://www.youtube.com/embed/omcoa2GUc2U,,,,
藝術,https://www.youtube.com/embed/YzLYXaJbdXk,,,,
日常,https://www.youtube.com/embed/9Wf36yc6grU,,,,
電影,https://www.youtube.com/embed/PpiIqs1e0mA,,,,
惡整,https://www.youtube.com/embed/PdfoPjXKH54,,,,
反應,https://www.youtube.com/embed/mGyoDPRsqVY,,,,
日常,https://www.youtube.com/embed/kQM8ZKWt_Dc,,,,
詭異,https://www.youtube.com/embed/1Aq84JKZ81k,,,,
惡整,https://www.youtube.com/embed/b-KjhikKNxI,,,,
科技,https://www.youtube.com/embed/XE_9QJlf3Z8,,,,
日常,https://www.youtube.com/embed/fkCLdyO8ovo,,,,
"娛樂搞笑, 惡整, 挑戰",https://www.youtube.com/embed/tN7tc5bg0Ng,,,,
科技,https://www.youtube.com/embed/Dwkcz2bg3t8,,,,
反應,https://www.youtube.com/embed/jRuSJOHb338,,,,
娛樂搞笑,https://www.youtube.com/embed/RCc3eWzAdPM,,,,
挑戰,https://www.youtube.com/embed/wV6GOgZcx5E,,,,
挑戰,https://www.youtube.com/embed/Lpp-9MKNEAY,,,,
詭異,https://www.youtube.com/embed/gqqb8lwN7WA,,,,
科技,https://www.youtube.com/embed/hZxWOHrRgTI,,,,
惡整,https://www.youtube.com/embed/5TJiBBRGii4,,,,
實驗創意,https://www.youtube.com/embed/1CUGdrgy-lY,,,,
"實驗創意, 娛樂搞笑",https://www.youtube.com/embed/rC73cUl31EA,,,,
娛樂搞笑,https://www.youtube.com/embed/iFJkJ0xZFUU,,,,
娛樂搞笑,https://www.youtube.com/embed/N3zUnkaksXw,,,,
日常,https://www.youtube.com/embed/uz9yIXiZt00,,,,
"實驗創意, 惡整",https://www.youtube.com/embed/W3YEyMLzdE8,,,,
實驗創意,https://www.youtube.com/embed/8zZfsx3YyZc,,,,
"娛樂搞笑, 惡整, 運動",https://www.youtube.com/embed/uTrDhtrHZws,,,,
"娛樂搞笑, 實驗創意",https://www.youtube.com/embed/pfI1eVXjMV4,,,,
"遊戲, 娛樂搞笑",https://www.youtube.com/embed/jbjmUS6w0z4,,,,
"音樂舞蹈, 反應",https://www.youtube.com/embed/sWbWC5GboW8,,,,
音樂舞蹈,https://www.youtube.com/embed/ucpl5KiXaE4,,,,
音樂舞蹈,https://www.youtube.com/embed/LyoxxAtsnEQ,,,,
"實驗創意, 挑戰",https://www.youtube.com/embed/XofbPplaKCg,,,,
惡整,https://www.youtube.com/embed/_sML2MUd7nE,,,,
音樂舞蹈,https://www.youtube.com/embed/_kKj74ilUrs,,,,
挑戰,https://www.youtube.com/embed/nhjEIu5ZEdo,,,,
日常,https://www.youtube.com/embed/b3u7jDp0e6U,,,,
音樂舞蹈,https://www.youtube.com/embed/BaLw893n0Gc,,,,
"食物, 實驗創意",https://www.youtube.com/embed/5Ldj0LcJjdc,,,,
"電影, 勵志",https://www.youtube.com/embed/EsRjiGerD5w,,,,
挑戰,https://www.youtube.com/embed/aGEffaldrR8,,,,
電影,https://www.youtube.com/embed/FiZlQ3C2RRw,,,,
挑戰,https://www.youtube.com/embed/CeZ-SYH4_xQ,,,,
名人,https://www.youtube.com/embed/vari1hH1sH8,,,,
實驗創意,https://www.youtube.com/embed/RU5Meu2AbDU,,,,
挑戰,https://www.youtube.com/embed/cU2Az2MuWwE,,,,
名人,https://www.youtube.com/embed/KgYdmPS9vec,,,,
"日常, 食物",https://www.youtube.com/embed/lLY_12Fwt1s,,,,
動物,https://www.youtube.com/embed/4ajsOPBojCI,,,,
動物,https://www.youtube.com/embed/mRhyel6qedU,,,,
電影,https://www.youtube.com/embed/E_66A_vkp98,,,,
挑戰,https://www.youtube.com/embed/8qDxNrxDVFI,,,,
實驗創意,https://www.youtube.com/embed/IUHUPewu8Zg,,,,
詭異,https://www.youtube.com/embed/K87L8ZM7jk8,,,,
惡整,https://www.youtube.com/embed/XcmQFIG82Jw,,,,
療愈,https://www.youtube.com/embed/8DDe-zaMFnM,,,,
惡整,https://www.youtube.com/embed/Q5tpgklIDoA,,,,
"娛樂搞笑, 運動, 名人",https://www.youtube.com/embed/3nvSvSv3mtE,,,,
挑戰,https://www.youtube.com/embed/rN4aWIL7nv4,,,,
動物,https://www.youtube.com/embed/lVa8ZSbXltE,,,,
"日常, 勵志",https://www.youtube.com/embed/dRLGv6X-c1Y,,,,
科技,https://www.youtube.com/embed/Kavu65kIfpc,,,,
娛樂搞笑,https://www.youtube.com/embed/8yM2Vcg0XtU,,,,
惡整,https://www.youtube.com/embed/R9fmHefpkUI,,,,
名人,https://www.youtube.com/embed/EbNyEdLWXhg,,,,
"名人, 實驗創意, 藝術",https://www.youtube.com/embed/VwhGT6qj9E8,,,,
電影,https://www.youtube.com/embed/RZ6dYlbJ77w,,,,
"惡整, 療愈",https://www.youtube.com/embed/Rp4NuZ3_oDA,,,,
"運動, 詭異",https://www.youtube.com/embed/tCLPyl8y-YQ,,,,
實驗創意,https://www.youtube.com/embed/waa2ot6wNys,,,,
娛樂搞笑,https://www.youtube.com/embed/CUV3z0Ify9Y,,,,
實驗創意,https://www.youtube.com/embed/U82DzsEc8BM,,,,
挑戰,https://www.youtube.com/embed/LQYHIZc6nWg,,,,
"運動, 名人",https://www.youtube.com/embed/nTFLnhk-9bQ,,,,
"運動, 名人",https://www.youtube.com/embed/eOLj0qO9vTE,,,,
運動,https://www.youtube.com/embed/3qRWHCfLxx4,,,,
"挑戰, 實驗創意",https://www.youtube.com/embed/lK_dZeV_ny4,,,,
實驗創意,https://www.youtube.com/embed/gPZ_QnWocls,,,,
"挑戰, 實驗創意",https://www.youtube.com/embed/VqHbxkvG0tk,,,,
"運動, 名人",https://www.youtube.com/embed/tzzxFB0h_YQ,,,,
"反應, 娛樂搞笑",https://www.youtube.com/embed/O5yGH_eIABs,,,,
名人,https://www.youtube.com/embed/KSt9oH2CYus,,,,
惡整,https://www.youtube.com/embed/b-OVSKr8GEA,,,,
運動,https://www.youtube.com/embed/wLFCaKJ_Q4E,,,,
"運動, 名人",https://www.youtube.com/embed/Ozenf3RfrGc,,,,
"反應, 運動",https://www.youtube.com/embed/pq5-xw9gzl8,,,,
挑戰,https://www.youtube.com/embed/FH_OXy8QXIg,,,,
挑戰,https://www.youtube.com/embed/U7q0QOMhDYg,,,,
名人,https://www.youtube.com/embed/XZ8tW4iPDic,,,,
電影,https://www.youtube.com/embed/KM28ez1MStc,,,tag,sum
名人,https://www.youtube.com/embed/1V2sXuAPchk,,,測試,14
動物,https://www.youtube.com/embed/MMdpmmZ6oes,,,,
詭異,https://www.youtube.com/embed/cNiFEl3s4go,,,,
日常,https://www.youtube.com/embed/D49RUakAwJg,,,,
挑戰,https://www.youtube.com/embed/UO8yiuXK1_I,,,,
"食物, 藝術",https://www.youtube.com/embed/g8rdBOHX3vk,,,,
"日常, 挑戰",https://www.youtube.com/embed/D9SndBRmDK0,,,,
動物,https://www.youtube.com/embed/xEtvb3UFP1o,,,,
名人,https://www.youtube.com/embed/ma6CDG0AkKc,,,,
實驗創意,https://www.youtube.com/embed/5o9ii1BmIiw,,,,
實驗創意,https://www.youtube.com/embed/kE8b_F6VYOo,,,,
實驗創意,https://www.youtube.com/embed/ADnxiTSr-WQ,,,,
名人,https://www.youtube.com/embed/zN3xBl2q2Es,,,,
實驗創意,https://www.youtube.com/embed/NYyoYYhwD3Y,,,,
動物,https://www.youtube.com/embed/XbfRQjgsDvo,,,,
惡整,https://www.youtube.com/embed/JFYyJv196k8,,,,
"挑戰, 娛樂搞笑",https://www.youtube.com/embed/P_hRysWqt9s,,,,
惡整,https://www.youtube.com/embed/14Q7JH0_Mls,,,,
勵志,https://www.youtube.com/embed/Ypgw7cojVMM,,,,
實驗創意,https://www.youtube.com/embed/ojdkPaPzZaQ,,,,
惡整,https://www.youtube.com/embed/-ocFa5F-Drs,,,,
"音樂舞蹈, 挑戰",https://www.youtube.com/embed/ms8GyjYicm4,,,,
實驗創意,https://www.youtube.com/embed/HRFNYFI10Fo,,,,
動物,https://www.youtube.com/embed/MJAJXDhywhk,,,,
挑戰,https://www.youtube.com/embed/Zqpgycx4DAU,,,,
教學,https://www.youtube.com/embed/oZZWDRoZ1fU,,,,
動畫,https://www.youtube.com/embed/ST1hv9dROdQ,,,,
詭異,https://www.youtube.com/embed/NOAaTFpS0E0,,,,
動物,https://www.youtube.com/embed/hrw9uOaiumU,,,,
藝術,https://www.youtube.com/embed/psgThmiJwIA,,,,
"詭異, 動畫, 遊戲",https://www.youtube.com/embed/FhKn5Fe8h6Y,,,,
藝術,https://www.youtube.com/embed/ZKsOkMb9INg,,,,
娛樂搞笑,https://www.youtube.com/embed/4f1jLjAp6Zo,,,,
日常,https://www.youtube.com/embed/gZKrS0XvVYc,,,,
"動物, 日常",https://www.youtube.com/embed/4QzrliaK-X8,,,,
惡整,https://www.youtube.com/embed/1jZ8BLdpReE,,,,
實驗創意,https://www.youtube.com/embed/FLRI8G39sLU,,,,
娛樂搞笑,https://www.youtube.com/embed/symg_qy1o_Y,,,,
日常,https://www.youtube.com/embed/-v9SWaYhKiQ,,,,
日常,https://www.youtube.com/embed/gok-5-hrDY8,,,,
,,,,,
,,,,,
,,,,,
,,,,,
,,,,,
,,,,,
,,,,,
,,,,,
,,,,,
,,,,,
,,,,,
,,,,,
,,,,,
,,,,,
,,,,,
,,,,,
,,,,,
,,,,,
,,,,,
,,,,,
,,,,,
,,,,,
,,,,,
,,,,,
,,,,,
,,,,,
,,,,,
,,,,,
,,,,,
,,,,,
,,,,,
,,,,,
,,,,,
,,,,,
,,,,,
,,,,,
,,,,,
,,,,,
,,,,,
,,,,,
,,,,,
,,,,,
,,,,,
,,,,,
,,,,,
,,,,,
,,,,,
,,,,,
,,,,,
,,,,,
,,,,,
,,,,,
,,,,,
,,,,,
,,,,,
,,,,,
,,,,,
,,,,,
,,,,,
,,,,,
,,,,,
,,,,,
,,,,,
,,,,,
,,,,,
,,,,,
,,,,,
,,,,,
,,,,,
,,,,,
,,,,,
,,,,,
,,,,,
,,,,,
,,,,,
,,,,,
,,,,,
,,,,,
,,,,,
,,,,,
,,,,,
,,,,,
,,,,,
,,,,,
,,,,,
,,,,,
,,,,,
,,,,,
,,,,,
,,,,,
,,,,,
,,,,,
,,,,,
,,,,,
,,,,,
,,,,,
,,,,,
,,,,,
,,,,,
,,,,,
,,,,,
,,,,,
,,,,,
,,,,,
,,,,,
,,,,,
,,,,,
,,,,,
,,,,,
,,,,,
,,,,,
,,,,,
,,,,,
,,,,,
,,,,,
,,,,,
,,,,,
,,,,,
,,,,,
,,,,,
,,,,,
,,,,,
,,,,,
,,,,,
,,,,,
,,,,,
,,,,,
,,,,,
,,,,,
,,,,,
,,,,,
,,,,,
,,,,,
,,,,,
,,,,,
,,,,,
,,,,,
,,,,,
,,,,,
,,,,,
,,,,,
,,,,,
測試,https://youtube.com/embed/FnIteWgWP0o,,,,
測試,https://youtube.com/embed/OaitokB0FFA,,,,
測試,https://youtube.com/embed/RRx_Hez95Vo,,,,
測試,https://youtube.com/embed/KP5sFnvsPcE,,,,
測試,https://youtube.com/embed/6p4o3HQFHQ8,,,,
測試,https://youtube.com/embed/PpbWmiOonDs,,,,
測試,https://youtube.com/embed/KGiX17pzGiI,,,,
測試,https://youtube.com/embed/B8ObDH0T9cA,,,,
測試,https://youtube.com/embed/uOjLSL4CxqI,,,,
測試,https://youtube.com/embed/5Gs_Mead-5o,,,,
測試,https://youtube.com/embed/otMikuMkI-E,,,,
測試,https://youtube.com/embed/rIIOurIBEx4,,,,
測試,https://youtube.com/embed/b_Z3BEYgFGU,,,,
測試,https://youtube.com/embed/vWaaxTFzHF4,,,,