類型,連結,第 1 欄,第 2 欄,,
娛樂搞笑,https://www.youtube.com/shorts/uvA99PpWloQ,,,,
娛樂搞笑,https://www.youtube.com/shorts/qAY2EX6Kil0,,,,
娛樂搞笑,https://www.youtube.com/shorts/doJiBqHprSw,,,,
運動,https://www.youtube.com/shorts/QUaA7ymKIQQ,,,,
藝術,https://www.youtube.com/shorts/Hakpc95Y0TE,,,,
娛樂搞笑,https://www.youtube.com/shorts/ivn-HaTAxGo,,,,
電影,https://www.youtube.com/shorts/ME7TBUPf9m0,,,,
日常,https://www.youtube.com/shorts/QfI1drls7io,,,,
娛樂搞笑,https://www.youtube.com/shorts/thUV_jAArSg,,,,
"動物, 療愈",https://www.youtube.com/shorts/vJRZBLxproc,,,,
"娛樂搞笑, 音樂舞蹈",https://www.youtube.com/shorts/SgpVW2S1iAQ,,,,
時尚,https://www.youtube.com/shorts/9UIt9lbnYvY,,,,
教學,https://www.youtube.com/shorts/zyIcVvmxUMU,,,,
藝術,https://www.youtube.com/shorts/IjsocxL0OLI,,,,
挑戰,https://www.youtube.com/shorts/kCWBsqjV7bE,,,,
療愈,https://www.youtube.com/shorts/DnCOtQa4Gmk,,,,
娛樂搞笑,https://www.youtube.com/shorts/k7Gq8KcO66c,,,,
動物,https://www.youtube.com/shorts/qNcFobtzoYM,,,,
藝術,https://www.youtube.com/shorts/fJ4diJnTC7E,,,,
娛樂搞笑,https://www.youtube.com/shorts/3DknZWhFt_8,,,,
"娛樂搞笑, 電影",https://www.youtube.com/shorts/Dqi2x0eSfus,,,,
藝術,https://www.youtube.com/shorts/01jlmAp6uZM,,,,
挑戰,https://www.youtube.com/shorts/GD6uxSvC1z8,,,,
科技,https://www.youtube.com/shorts/PXZL72VEFUk,,,,
旅遊,https://www.youtube.com/shorts/vdEzN028FlM,,,,
娛樂搞笑,https://www.youtube.com/shorts/G2OoVKBwlEE,,,,
日常,https://www.youtube.com/shorts/3KP-78hEHBs,,,,
娛樂搞笑,https://www.youtube.com/shorts/tPbKLsp_tX4,,,,
挑戰,https://www.youtube.com/shorts/OZRg6Wc0QjM,,,,
日常,https://www.youtube.com/shorts/oZgNvdzdLpk,,,,
療愈,https://www.youtube.com/shorts/RFl5lEGgRTk,,,,
挑戰,https://www.youtube.com/shorts/Q3Upj7QaJl4,,,,
娛樂搞笑,https://www.youtube.com/shorts/meNxY8Q2CDg,,,,
動物,https://www.youtube.com/shorts/kslRNvY8TJ4,,,,
挑戰,https://www.youtube.com/shorts/e7B0BnEx_Ag,,,,
日常,https://www.youtube.com/shorts/N_8aK0qbaFw,,,,
娛樂搞笑,https://www.youtube.com/shorts/QR7kqrCXMKs,,,,
實驗創意,https://www.youtube.com/shorts/LgCKyr8TABw,,,,
科技,https://www.youtube.com/shorts/5pexc1MHZs8,,,,
實驗創意,https://www.youtube.com/shorts/HJgzIQ8KfsE,,,,
挑戰,https://www.youtube.com/shorts/TaDAJgw4SIQ,,,,
挑戰,https://www.youtube.com/shorts/A1A0fN1PY9E,,,,
"娛樂搞笑, 動物",https://www.youtube.com/shorts/9oPiN9zaeL8,,,,
娛樂搞笑,https://www.youtube.com/shorts/lXjIrXjjq-8,,,,
娛樂搞笑,https://www.youtube.com/shorts/m0T2vIZTw4E,,,,
"音樂舞蹈, 挑戰",https://www.youtube.com/shorts/O3GsFg8p_wo,,,,
"日常, 娛樂搞笑",https://www.youtube.com/shorts/26rCPEzawwQ,,,,
藝術,https://www.youtube.com/shorts/b_KsCyE_Pgo,,,,
挑戰,https://www.youtube.com/shorts/j_yl5PuU7Wk,,,,
"勵志, 運動",https://www.youtube.com/shorts/YV9pqFvC-kM,,,,
娛樂搞笑,https://www.youtube.com/shorts/Zc1A3h3z254,,,,
娛樂搞笑,https://www.youtube.com/shorts/PWeh93jR4O0,,,,
挑戰,https://www.youtube.com/shorts/GowQowui58w,,,,
挑戰,https://www.youtube.com/shorts/u3CV8jMJ6wA,,,,
遊戲,https://www.youtube.com/shorts/rMOGXGN_j8w,,,,
實驗創意,https://www.youtube.com/shorts/GowQowui58w,,,,
實驗創意,https://www.youtube.com/shorts/_Tm5jQ6iKc0,,,,
挑戰,https://www.youtube.com/shorts/aGlYpC8xLvc,,,,
"科技, 挑戰",https://www.youtube.com/shorts/x2vVqVDwRSc,,,,
科技,https://www.youtube.com/shorts/Cnoj0jOMu6E,,,,
娛樂搞笑,https://www.youtube.com/shorts/VaI7uqGcnqM,,,,
娛樂搞笑,https://www.youtube.com/shorts/tpMupH44BPw,,,,
娛樂搞笑,https://www.youtube.com/shorts/VwhGT6qj9E8,,,,
藝術,https://www.youtube.com/shorts/O5PF2qX51Gs,,,,
藝術,https://www.youtube.com/shorts/mQwYO2R_-1g,,,,
娛樂搞笑,https://www.youtube.com/shorts/cfwOHm52S-E,,,,
挑戰,https://www.youtube.com/shorts/q09cVcSUsHk,,,,
娛樂搞笑,https://www.youtube.com/shorts/RVaQ4GuI35E,,,,
科技,https://www.youtube.com/shorts/D5t8YCbRlvM,,,,
娛樂搞笑,https://www.youtube.com/shorts/VwhGT6qj9E8,,,,
"娛樂搞笑, 運動",https://www.youtube.com/shorts/I_u4j_syazs,,,,
實驗創意,https://www.youtube.com/shorts/f5gYz_hX2Tk,,,,
挑戰,https://www.youtube.com/shorts/WwJRpnA60fg,,,,
實驗創意,https://www.youtube.com/shorts/j_yl5PuU7Wk,,,,
日常,https://www.youtube.com/shorts/Ks3aMVQufd4,,,,
科技,https://www.youtube.com/shorts/j1YwRPlbA8k,,,,
實驗創意,https://www.youtube.com/shorts/6xww8nJW3wg,,,,
實驗創意,https://www.youtube.com/shorts/8qLXo7lqJ1Y,,,,
娛樂搞笑,https://www.youtube.com/shorts/sXSnDBl164w,,,,
"運動, 名人",https://www.youtube.com/shorts/vari1hH1sH8,,,,
日常,https://www.youtube.com/shorts/1k4KM6kAvIQ,,,,
"挑戰, 娛樂搞笑",https://www.youtube.com/shorts/2H4-eR2hevI,,,,
日常,https://www.youtube.com/shorts/GiKBPU9NhYg,,,,
挑戰,https://www.youtube.com/shorts/9ObqbHpB4vA,,,,
日常,https://www.youtube.com/shorts/sF2o3tueLUs,,,,
實驗創意,https://www.youtube.com/shorts/gvcvFOVcgbY,,,,
"教學, 時尚",https://www.youtube.com/shorts/mtn3QW2CpTc,,,,
日常,https://www.youtube.com/shorts/jDCeDznmy-U,,,,
娛樂搞笑,https://www.youtube.com/shorts/qWJ2PobM1jU,,,,
遊戲,https://www.youtube.com/shorts/roXoks5AN-s,,,,
日常,https://www.youtube.com/shorts/pR9UR-T5dKc,,,,
日常,https://www.youtube.com/shorts/fAF8IWqEU04,,,,
娛樂搞笑,https://www.youtube.com/shorts/dXlvvqhWJvM,,,,
日常,https://www.youtube.com/shorts/INpCFIlfHLA,,,,
挑戰,https://www.youtube.com/shorts/GcbjZutGm0U,,,,
娛樂搞笑,https://www.youtube.com/shorts/94_ot09eV9k,,,,
日常,https://www.youtube.com/shorts/C3vWz_VCtVI,,,,
"娛樂搞笑, 名人",https://www.youtube.com/shorts/7Tuo3juWRM0,,,,
教學,https://www.youtube.com/shorts/uXN4YuL9n9A,,,,
音樂舞蹈,https://www.youtube.com/shorts/i_YxR0cN0Ck,,,,
"日常, 科技",https://www.youtube.com/shorts/WsiISp6N9fw,,,,
"娛樂搞笑, 惡整",https://www.youtube.com/shorts/hZkM0O5wah8,,,,
"娛樂搞笑, 運動",https://www.youtube.com/shorts/4bVJEjDblho,,,,
勵志,https://www.youtube.com/shorts/EsRjiGerD5w,,,,
"娛樂搞笑, 挑戰",https://www.youtube.com/shorts/tCLPyl8y-YQ,,,,
遊戲,https://www.youtube.com/shorts/evZXGPKO3T8,,,,
"日常, 娛樂搞笑",https://www.youtube.com/shorts/r9Isv58fCIw,,,,
實驗創意,https://www.youtube.com/shorts/mdS3wMAeOCg,,,,
挑戰,https://www.youtube.com/shorts/S_5xL8c8xwM,,,,
"日常, 娛樂搞笑",https://www.youtube.com/shorts/M2LwE9IrrK4,,,,
電影,https://www.youtube.com/shorts/KM28ez1MStc,,,,
娛樂搞笑,https://www.youtube.com/shorts/lxYN9p7v_kM,,,,
"日常, 娛樂搞笑",https://www.youtube.com/shorts/_I7yE7L6Xpc,,,,
"娛樂搞笑, 音樂舞蹈",https://www.youtube.com/shorts/UFX8SwSPe38,,,,
"娛樂搞笑, 日常, 挑戰",https://www.youtube.com/shorts/bSgQDz1rSuE,,,,
"實驗創意, 挑戰",https://www.youtube.com/shorts/schca3mo03I,,,,
挑戰,https://www.youtube.com/shorts/33hQRTxvszs,,,,
運動,https://www.youtube.com/shorts/U8pjPpSJpQM,,,,
挑戰,https://www.youtube.com/shorts/pvY_e9n9K7g,,,,
"遊戲, 名人, 挑戰",https://www.youtube.com/shorts/_upEJq6X8Dw,,,,
音樂舞蹈,https://www.youtube.com/shorts/55ZZzfzWxAY,,,,
"日常, 挑戰",https://www.youtube.com/shorts/dnm7FnnyDzM,,,,
"日常, 娛樂搞笑",https://www.youtube.com/shorts/lCpqoVqBMIE,,,,
"實驗創意, 教學",https://www.youtube.com/shorts/p25sogQytZU,,,,
娛樂搞笑,https://www.youtube.com/shorts/uds9-E_Wo94,,,,
運動,https://www.youtube.com/shorts/sijmAeXDI0A,,,,
娛樂搞笑,https://www.youtube.com/shorts/2c9gZQO0VJk,,,,
實驗創意,https://www.youtube.com/shorts/2eeaWIZWtFM,,,,
"時尚, 娛樂搞笑",https://www.youtube.com/shorts/_uB-72aKQqM,,,,
"娛樂搞笑, 挑戰",https://www.youtube.com/shorts/SajEwYBSYD8,,,,
娛樂搞笑,https://www.youtube.com/shorts/67H_Hw071SA,,,,
實驗創意,https://www.youtube.com/shorts/lf3ZrFdhWXA,,,,
娛樂搞笑,https://www.youtube.com/shorts/IySLPBwIiws,,,,
音樂舞蹈,https://www.youtube.com/shorts/SgpVW2S1iAQ,,,,
電影,https://www.youtube.com/shorts/yf6936m7l3k,,,,
音樂舞蹈,https://www.youtube.com/shorts/7W_VpCw9MkU,,,,
遊戲,https://www.youtube.com/shorts/iWo8Mgk4of4,,,,
遊戲,https://www.youtube.com/shorts/EiHE3wkHZUM,,,,
"藝術, 惡整, 娛樂搞笑",https://www.youtube.com/shorts/nvW2IVceLEY,,,,
"音樂舞蹈, 挑戰",https://www.youtube.com/shorts/yRGSJTpfX7E,,,,
"藝術, 娛樂搞笑",https://www.youtube.com/shorts/2Ps3iO7IuYk,,,,
"挑戰, 運動",https://www.youtube.com/shorts/hQF07u4hgH4,,,,
日常,https://www.youtube.com/shorts/RpsHOiV7RRU,,,,
音樂舞蹈,https://www.youtube.com/shorts/nKoKM2KD88s,,,,
日常,https://www.youtube.com/shorts/j1uIG4Hignc,,,,
"娛樂搞笑, 挑戰",https://www.youtube.com/shorts/FHF-aNMk4Pc,,,,
"娛樂搞笑, 遊戲",https://www.youtube.com/shorts/xAhCg_3GFtI,,,,
藝術,https://www.youtube.com/shorts/freWWC10Kjk,,,,
"日常, 遊戲",https://www.youtube.com/shorts/gsHiN_RB9zU,,,,
"娛樂搞笑, 日常",https://www.youtube.com/shorts/ojVIZ5ACDVE,,,,
娛樂搞笑,https://www.youtube.com/shorts/smG8k0KetZU,,,,
娛樂搞笑,https://www.youtube.com/shorts/K3CE0EmSKxU,,,,
"實驗創意, 挑戰",https://www.youtube.com/shorts/wmMp-3baWAc,,,,
"日常, 惡整",https://www.youtube.com/shorts/eZ3ojexumbA,,,,
挑戰,https://www.youtube.com/shorts/FN9qQD5mzhg,,,,
"日常, 時尚",https://www.youtube.com/shorts/aqy53e1QotM,,,,
挑戰,https://www.youtube.com/shorts/FWK_bys9cwQ,,,,
實驗創意,https://www.youtube.com/shorts/PfKaTCVFrpA,,,,
實驗創意,https://www.youtube.com/shorts/0u95PhWZr94,,,,
實驗創意,https://www.youtube.com/shorts/lCpqoVqBMIE,,,,
"日常, 挑戰",https://www.youtube.com/shorts/s8xD4RRjelc,,,,
科技,https://www.youtube.com/shorts/rkqUSI9QkcU,,,,
時尚,https://www.youtube.com/shorts/V0G950OZ_7k,,,,
娛樂搞笑,https://www.youtube.com/shorts/akl3x5CLUBY,,,,
挑戰,https://www.youtube.com/shorts/bTkpwSZInVs,,,,
"娛樂搞笑, 動物",https://www.youtube.com/shorts/vHOxYq83UmA,,,,
"實驗創意, 食物",https://www.youtube.com/shorts/5oD1TzwUlNY,,,,
"日常, 娛樂搞笑",https://www.youtube.com/shorts/2ai7kHx3ZlI,,,,
娛樂搞笑,https://www.youtube.com/shorts/m9BmrcnmkKc,,,,
"日常, 娛樂搞笑",https://www.youtube.com/shorts/qrw05TMqvwo,,,,
娛樂搞笑,https://www.youtube.com/shorts/xA0OMhu9dlI,,,,
"日常, 實驗創意",https://www.youtube.com/shorts/fp9PTJZxc-g,,,,
挑戰,https://www.youtube.com/shorts/9MmDw5vmFTE,,,,
挑戰,https://www.youtube.com/shorts/VUL6_y98grY,,,,
惡整,https://www.youtube.com/shorts/o9Y1o9Wbdr4,,,,
日常,https://www.youtube.com/shorts/yv7HFcYfyko,,,,
惡整,https://www.youtube.com/shorts/h5BHlJy0Cx4,,,,
"日常, 惡整",https://www.youtube.com/shorts/_0bU0FAZqsM,,,,
時尚,https://www.youtube.com/shorts/0JsDVNt-yoI,,,,
"挑戰, 娛樂搞笑",https://www.youtube.com/shorts/yoQpDX4tXMQ,,,,
日常,https://www.youtube.com/shorts/__0qIM4OyuA,,,,
日常,https://www.youtube.com/shorts/eRbMR4twbMY,,,,
時尚,https://www.youtube.com/shorts/DXNZtVmPBYM,,,,
動物,https://www.youtube.com/shorts/OozRP78W7vk,,,,
實驗創意,https://www.youtube.com/shorts/x2vVqVDwRSc,,,,
"日常, 娛樂搞笑",https://www.youtube.com/shorts/NspHn_WdK6s,,,,
"日常, 娛樂搞笑",https://www.youtube.com/shorts/MeO8zlWmOtE,,,,
動物,https://www.youtube.com/shorts/Qh4lZ0ws0fU,,,,
藝術,https://www.youtube.com/shorts/rP3N7gfe0nk,,,,
音樂舞蹈,https://www.youtube.com/shorts/gMclsCxlQ5w,,,,
時尚,https://www.youtube.com/shorts/dvUVMzeGgPw,,,,
挑戰,https://www.youtube.com/shorts/KlH8g-bdmws,,,,
挑戰,https://www.youtube.com/shorts/wuHYLkl1wGA,,,,
挑戰,https://www.youtube.com/shorts/bDWoHBshOBc,,,,
日常,https://www.youtube.com/shorts/kgZN36Xje20,,,,
"日常, 挑戰",https://www.youtube.com/shorts/jUpOY8Kvi-w,,,,
娛樂搞笑,https://www.youtube.com/shorts/cyPLMioGuI4,,,,
日常,https://www.youtube.com/shorts/xbUndSJFstw,,,,
遊戲,https://www.youtube.com/shorts/CltD9N2Jz1c,,,,
"勵志, 日常",https://www.youtube.com/shorts/57ifnvrZ9BQ,,,,
"科技, 詭異",https://www.youtube.com/shorts/Zia5Hq614Kw,,,,
"惡整, 挑戰",https://www.youtube.com/shorts/Wj93tdClfto,,,,
運動,https://www.youtube.com/shorts/_BjZI4kgMes,,,,
惡整,https://www.youtube.com/shorts/-ManL9W5yPA,,,,
遊戲,https://www.youtube.com/shorts/qwY2OVWVSzk,,,,
"惡整, 食物",https://www.youtube.com/shorts/sQ-GHIlyeX4,,,,
詭異,https://www.youtube.com/shorts/FIksN3GX7v0,,,,
日常,https://www.youtube.com/shorts/4T6YZ7ZDDf4,,,,
藝術,https://www.youtube.com/shorts/9kgV4AqpcjY,,,,
挑戰,https://www.youtube.com/shorts/3TPzl7xOI7E,,,,
實驗創意,https://www.youtube.com/shorts/tyYWPXWGv1I,,,,
科技,https://www.youtube.com/shorts/uL2BiPxyRj0,,,,
娛樂搞笑,https://www.youtube.com/shorts/2mhwFHFQgfM,,,,
挑戰,https://www.youtube.com/shorts/dZEJ9vhci_M,,,,
惡整,https://www.youtube.com/shorts/hIVqz8yj4lY,,,,
惡整,https://www.youtube.com/shorts/nAUAvLpoLhA,,,,
惡整,https://www.youtube.com/shorts/ubZznY6m4o4,,,,
動物,https://www.youtube.com/shorts/nkprxyOsq7Q,,,,
詭異,https://www.youtube.com/shorts/42GYYJH6rRk,,,,
惡整,https://www.youtube.com/shorts/UrX9HqkC7HU,,,,
遊戲,https://www.youtube.com/shorts/MTk8OoZMUuk,,,,
娛樂搞笑,https://www.youtube.com/shorts/dM1x2TvNJJ4,,,,
動物,https://www.youtube.com/shorts/BfKI_TQnQvo,,,,
娛樂搞笑,https://www.youtube.com/shorts/ayyPQX2HH1E,,,,
教學,https://www.youtube.com/shorts/Hmgz-ujGihs,,,,
"實驗創意, 名人",https://www.youtube.com/shorts/omcoa2GUc2U,,,,
藝術,https://www.youtube.com/shorts/YzLYXaJbdXk,,,,
日常,https://www.youtube.com/shorts/9Wf36yc6grU,,,,
電影,https://www.youtube.com/shorts/PpiIqs1e0mA,,,,
惡整,https://www.youtube.com/shorts/PdfoPjXKH54,,,,
反應,https://www.youtube.com/shorts/mGyoDPRsqVY,,,,
日常,https://www.youtube.com/shorts/kQM8ZKWt_Dc,,,,
詭異,https://www.youtube.com/shorts/1Aq84JKZ81k,,,,
惡整,https://www.youtube.com/shorts/b-KjhikKNxI,,,,
科技,https://www.youtube.com/shorts/XE_9QJlf3Z8,,,,
日常,https://www.youtube.com/shorts/fkCLdyO8ovo,,,,
"娛樂搞笑, 惡整, 挑戰",https://www.youtube.com/shorts/tN7tc5bg0Ng,,,,
科技,https://www.youtube.com/shorts/Dwkcz2bg3t8,,,,
反應,https://www.youtube.com/shorts/jRuSJOHb338,,,,
娛樂搞笑,https://www.youtube.com/shorts/RCc3eWzAdPM,,,,
挑戰,https://www.youtube.com/shorts/wV6GOgZcx5E,,,,
挑戰,https://www.youtube.com/shorts/Lpp-9MKNEAY,,,,
詭異,https://www.youtube.com/shorts/gqqb8lwN7WA,,,,
科技,https://www.youtube.com/shorts/hZxWOHrRgTI,,,,
惡整,https://www.youtube.com/shorts/5TJiBBRGii4,,,,
實驗創意,https://www.youtube.com/shorts/1CUGdrgy-lY,,,,
"實驗創意, 娛樂搞笑",https://www.youtube.com/shorts/rC73cUl31EA,,,,
娛樂搞笑,https://www.youtube.com/shorts/iFJkJ0xZFUU,,,,
娛樂搞笑,https://www.youtube.com/shorts/N3zUnkaksXw,,,,
日常,https://www.youtube.com/shorts/uz9yIXiZt00,,,,
"實驗創意, 惡整",https://www.youtube.com/shorts/W3YEyMLzdE8,,,,
實驗創意,https://www.youtube.com/shorts/8zZfsx3YyZc,,,,
"娛樂搞笑, 惡整, 運動",https://www.youtube.com/shorts/uTrDhtrHZws,,,,
"娛樂搞笑, 實驗創意",https://www.youtube.com/shorts/pfI1eVXjMV4,,,,
"遊戲, 娛樂搞笑",https://www.youtube.com/shorts/jbjmUS6w0z4,,,,
"音樂舞蹈, 反應",https://www.youtube.com/shorts/sWbWC5GboW8,,,,
音樂舞蹈,https://www.youtube.com/shorts/ucpl5KiXaE4,,,,
音樂舞蹈,https://www.youtube.com/shorts/LyoxxAtsnEQ,,,,
"實驗創意, 挑戰",https://www.youtube.com/shorts/XofbPplaKCg,,,,
惡整,https://www.youtube.com/shorts/_sML2MUd7nE,,,,
音樂舞蹈,https://www.youtube.com/shorts/_kKj74ilUrs,,,,
挑戰,https://www.youtube.com/shorts/nhjEIu5ZEdo,,,,
日常,https://www.youtube.com/shorts/b3u7jDp0e6U,,,,
音樂舞蹈,https://www.youtube.com/shorts/BaLw893n0Gc,,,,
"食物, 實驗創意",https://www.youtube.com/shorts/5Ldj0LcJjdc,,,,
"電影, 勵志",https://www.youtube.com/shorts/EsRjiGerD5w,,,,
挑戰,https://www.youtube.com/shorts/aGEffaldrR8,,,,
電影,https://www.youtube.com/shorts/FiZlQ3C2RRw,,,,
挑戰,https://www.youtube.com/shorts/CeZ-SYH4_xQ,,,,
名人,https://www.youtube.com/shorts/vari1hH1sH8,,,,
實驗創意,https://www.youtube.com/shorts/RU5Meu2AbDU,,,,
挑戰,https://www.youtube.com/shorts/cU2Az2MuWwE,,,,
名人,https://www.youtube.com/shorts/KgYdmPS9vec,,,,
"日常, 食物",https://www.youtube.com/shorts/lLY_12Fwt1s,,,,
動物,https://www.youtube.com/shorts/4ajsOPBojCI,,,,
動物,https://www.youtube.com/shorts/mRhyel6qedU,,,,
電影,https://www.youtube.com/shorts/E_66A_vkp98,,,,
挑戰,https://www.youtube.com/shorts/8qDxNrxDVFI,,,,
實驗創意,https://www.youtube.com/shorts/IUHUPewu8Zg,,,,
詭異,https://www.youtube.com/shorts/K87L8ZM7jk8,,,,
惡整,https://www.youtube.com/shorts/XcmQFIG82Jw,,,,
療愈,https://www.youtube.com/shorts/8DDe-zaMFnM,,,,
惡整,https://www.youtube.com/shorts/Q5tpgklIDoA,,,,
"娛樂搞笑, 運動, 名人",https://www.youtube.com/shorts/3nvSvSv3mtE,,,,
挑戰,https://www.youtube.com/shorts/rN4aWIL7nv4,,,,
動物,https://www.youtube.com/shorts/lVa8ZSbXltE,,,,
"日常, 勵志",https://www.youtube.com/shorts/dRLGv6X-c1Y,,,,
科技,https://www.youtube.com/shorts/Kavu65kIfpc,,,,
娛樂搞笑,https://www.youtube.com/shorts/8yM2Vcg0XtU,,,,
惡整,https://www.youtube.com/shorts/R9fmHefpkUI,,,,
實驗創意,https://www.youtube.com/shorts/IjRfJ0U6rKw,,,,
娛樂搞笑,https://www.youtube.com/shorts/-qwq8g6-iEk,,,,
電影,https://www.youtube.com/shorts/RZ6dYlbJ77w,,,,
"惡整, 療愈",https://www.youtube.com/shorts/Rp4NuZ3_oDA,,,,
實驗創意,https://www.youtube.com/shorts/y8ICXMBmEe8,,,,
實驗創意,https://www.youtube.com/shorts/waa2ot6wNys,,,,
娛樂搞笑,https://www.youtube.com/shorts/CUV3z0Ify9Y,,,,
實驗創意,https://www.youtube.com/shorts/U82DzsEc8BM,,,,
挑戰,https://www.youtube.com/shorts/LQYHIZc6nWg,,,,
"運動, 名人",https://www.youtube.com/shorts/nTFLnhk-9bQ,,,,
名人,https://www.youtube.com/shorts/RiUhWVrpfUY,,,,
運動,https://www.youtube.com/shorts/3qRWHCfLxx4,,,,
"挑戰, 實驗創意",https://www.youtube.com/shorts/lK_dZeV_ny4,,,,
實驗創意,https://www.youtube.com/shorts/gPZ_QnWocls,,,,
"挑戰, 實驗創意",https://www.youtube.com/shorts/VqHbxkvG0tk,,,,
"運動, 名人",https://www.youtube.com/shorts/tzzxFB0h_YQ,,,,
"反應, 娛樂搞笑",https://www.youtube.com/shorts/O5yGH_eIABs,,,,
名人,https://www.youtube.com/shorts/KSt9oH2CYus,,,,
惡整,https://www.youtube.com/shorts/b-OVSKr8GEA,,,,
運動,https://www.youtube.com/shorts/wLFCaKJ_Q4E,,,,
"運動, 名人",https://www.youtube.com/shorts/Ozenf3RfrGc,,,,
"反應, 運動",https://www.youtube.com/shorts/pq5-xw9gzl8,,,,
挑戰,https://www.youtube.com/shorts/FH_OXy8QXIg,,,,
挑戰,https://www.youtube.com/shorts/U7q0QOMhDYg,,,,
名人,https://www.youtube.com/shorts/XZ8tW4iPDic,,,,
電影,https://www.youtube.com/shorts/KM28ez1MStc,,,tag,sum
名人,https://www.youtube.com/shorts/1V2sXuAPchk,,,測試,0
動物,https://www.youtube.com/shorts/MMdpmmZ6oes,,,,
詭異,https://www.youtube.com/shorts/cNiFEl3s4go,,,,
日常,https://www.youtube.com/shorts/D49RUakAwJg,,,,
挑戰,https://www.youtube.com/shorts/UO8yiuXK1_I,,,,
"食物, 藝術",https://www.youtube.com/shorts/g8rdBOHX3vk,,,,
"日常, 挑戰",https://www.youtube.com/shorts/D9SndBRmDK0,,,,
動物,https://www.youtube.com/shorts/xEtvb3UFP1o,,,,
名人,https://www.youtube.com/shorts/ma6CDG0AkKc,,,,
實驗創意,https://www.youtube.com/shorts/5o9ii1BmIiw,,,,
實驗創意,https://www.youtube.com/shorts/kE8b_F6VYOo,,,,
實驗創意,https://www.youtube.com/shorts/ADnxiTSr-WQ,,,,
名人,https://www.youtube.com/shorts/zN3xBl2q2Es,,,,
實驗創意,https://www.youtube.com/shorts/NYyoYYhwD3Y,,,,
動物,https://www.youtube.com/shorts/XbfRQjgsDvo,,,,
惡整,https://www.youtube.com/shorts/JFYyJv196k8,,,,
"挑戰, 娛樂搞笑",https://www.youtube.com/shorts/P_hRysWqt9s,,,,
惡整,https://www.youtube.com/shorts/14Q7JH0_Mls,,,,
勵志,https://www.youtube.com/shorts/Ypgw7cojVMM,,,,
實驗創意,https://www.youtube.com/shorts/ojdkPaPzZaQ,,,,
惡整,https://www.youtube.com/shorts/-ocFa5F-Drs,,,,
"音樂舞蹈, 挑戰",https://www.youtube.com/shorts/ms8GyjYicm4,,,,
實驗創意,https://www.youtube.com/shorts/HRFNYFI10Fo,,,,
動物,https://www.youtube.com/shorts/MJAJXDhywhk,,,,
挑戰,https://www.youtube.com/shorts/Zqpgycx4DAU,,,,
教學,https://www.youtube.com/shorts/oZZWDRoZ1fU,,,,
動畫,https://www.youtube.com/shorts/ST1hv9dROdQ,,,,
詭異,https://www.youtube.com/shorts/NOAaTFpS0E0,,,,
動物,https://www.youtube.com/shorts/hrw9uOaiumU,,,,
"名人, 反應",https://www.youtube.com/shorts/BPX05Wpqp5M,,,,
"詭異, 動畫, 遊戲",https://www.youtube.com/shorts/FhKn5Fe8h6Y,,,,
藝術,https://www.youtube.com/shorts/ZKsOkMb9INg,,,,
娛樂搞笑,https://www.youtube.com/shorts/4f1jLjAp6Zo,,,,
日常,https://www.youtube.com/shorts/gZKrS0XvVYc,,,,
"動物, 日常",https://www.youtube.com/shorts/4QzrliaK-X8,,,,
惡整,https://www.youtube.com/shorts/1jZ8BLdpReE,,,,
實驗創意,https://www.youtube.com/shorts/FLRI8G39sLU,,,,
娛樂搞笑,https://www.youtube.com/shorts/symg_qy1o_Y,,,,
日常,https://www.youtube.com/shorts/-v9SWaYhKiQ,,,,
日常,https://www.youtube.com/shorts/gok-5-hrDY8,,,,
藝術,https://www.youtube.com/shorts/R4FmsXMKGAw,,,,
"娛樂搞笑, 動物",https://www.youtube.com/shorts/pKqHT1raH60,,,,
"惡整, 日常",https://www.youtube.com/shorts/sllkIvOtjZM,,,,
"藝術, 音樂舞蹈",https://www.youtube.com/shorts/7o5qa3XIquM,,,,
,https://www.youtube.com/shorts/L98EcbU2eXs,,,,
娛樂搞笑,https://www.youtube.com/shorts/ruToKwwNVmA,,,,
娛樂搞笑,https://www.youtube.com/shorts/wCCPKZM0hOE,,,,
反應,https://www.youtube.com/shorts/zgveqI577uQ,,,,
實驗創意,https://www.youtube.com/shorts/ONPYmHncYdc,,,,
日常,https://www.youtube.com/shorts/zFJuH3yWR4I,,,,
日常,https://www.youtube.com/shorts/tMHKs4LmU98,,,,
實驗創意,https://www.youtube.com/shorts/tn8mgk1Hkfk,,,,
"惡整, 日常",https://www.youtube.com/shorts/tet6dm-sLYc,,,,
藝術,https://www.youtube.com/shorts/Lf8Rxn8SmVE,,,,
反應,https://www.youtube.com/shorts/faOtjFsuLKg,,,,
動畫,https://www.youtube.com/shorts/7d27V2fDUP4,,,,
"音樂舞蹈, 反應",https://www.youtube.com/shorts/n1G4CfOa0N8,,,,
勵志,https://www.youtube.com/shorts/MpN5lKbvR64,,,,
實驗創意,https://www.youtube.com/shorts/OFN6eDy96cY,,,,
動畫,https://www.youtube.com/shorts/_X-54yfqAP4,,,,
名人,https://www.youtube.com/shorts/SQxgj113Kd4,,,,
惡整,https://www.youtube.com/shorts/M9zdTvggPTw,,,,
"日常, 惡整",https://www.youtube.com/shorts/uUCMCOWQvoE,,,,
實驗創意,https://www.youtube.com/shorts/QCM6E7aouaU,,,,
"勵志, 娛樂搞笑, 惡整",https://www.youtube.com/shorts/fzdIXU_O_P4,,,,
魔術,https://www.youtube.com/shorts/LJ8jS6ccNp4,,,,
惡整,https://www.youtube.com/shorts/vJ5CR6A-zw4,,,,
運動,https://www.youtube.com/shorts/mhjm_RL56SY,,,,
反應,https://www.youtube.com/shorts/I1HU_Jas_U4,,,,
惡整,https://www.youtube.com/shorts/nxHOYplyeZk,,,,
藝術,https://www.youtube.com/shorts/wu7KohbxDm0,,,,
運動,https://www.youtube.com/shorts/SoffTilZy6c,,,,
日常,https://www.youtube.com/shorts/AZnkKtaUy4U,,,,
"音樂舞蹈, 動畫, 遊戲",,,,,
挑戰,https://www.youtube.com/shorts/Ah_U85apeso,,,,
日常,https://www.youtube.com/shorts/kY4ZIO2ig_0,,,,
"遊戲, 娛樂搞笑",https://www.youtube.com/shorts/i2YnWFfqLqg,,,,
"名人, 音樂舞蹈",https://www.youtube.com/shorts/0GM_2_gVbAE,,,,
療愈,https://www.youtube.com/shorts/dRfGemryr3I,,,,
娛樂搞笑,https://www.youtube.com/shorts/pAlFJWLEoEs,,,,
惡整,,,,,
日常,https://www.youtube.com/shorts/Z_pm7X39GwU,,,,
惡整,https://www.youtube.com/shorts/nGKfFw_oXkc,,,,
實驗創意,,,,,
"日常, 惡整, 詭異",https://www.youtube.com/shorts/jhnepdCP4rM,,,,
時尚,https://www.youtube.com/shorts/CPSDNgCuVfo,,,,
"日常, 動物",,,,,
"日常, 娛樂搞笑",https://www.youtube.com/shorts/n-QF5IsdG7o,,,,
娛樂搞笑,https://www.youtube.com/shorts/uQsWOrbs0nw,,,,
挑戰,https://www.youtube.com/shorts/1ohko3T1-Vk,,,,
惡整,https://www.youtube.com/shorts/SDllGYfsw-4,,,,
療愈,https://www.youtube.com/shorts/8-tVlZE_dx4,,,,
挑戰,https://www.youtube.com/shorts/xeKdbj65TKc,,,,
挑戰,https://www.youtube.com/shorts/cjJ21lHkCXE,,,,
"日常, 娛樂搞笑",https://www.youtube.com/shorts/xkmHn5rA4tM,,,,
"時尚, 反應",https://www.youtube.com/shorts/q2mdCWEZTSE,,,,
食物,,,,,
"反應, 娛樂搞笑",https://www.youtube.com/shorts/0Z6lQTKC_F4,,,,
運動,https://www.youtube.com/shorts/jo_oZERe0WY,,,,
娛樂搞笑,https://www.youtube.com/shorts/beSZFcFAWh0,,,,
娛樂搞笑,https://www.youtube.com/shorts/bC_VmKJkDLU,,,,
挑戰,https://www.youtube.com/shorts/yHgL3w5WsSg,,,,
"時尚, 實驗創意",https://www.youtube.com/shorts/xajsyoepDDQ,,,,
反應,https://www.youtube.com/shorts/nCiGAZBUlqU,,,,
療愈,https://www.youtube.com/shorts/GLIxcf6ZKpQ,,,,
反應,https://www.youtube.com/shorts/e_jvO_UgPPM,,,,
"娛樂搞笑, 日常",https://www.youtube.com/shorts/y8-0_FFmjeI,,,,
挑戰,https://www.youtube.com/shorts/5se_7ujeFsk,,,,
"娛樂搞笑, 挑戰",https://www.youtube.com/shorts/0CT6kZldSiU,,,,
日常,https://www.youtube.com/shorts/qyc8kgO0aNA,,,,
日常,https://www.youtube.com/shorts/sedchJO60pw,,,,
"動物, 反應",https://www.youtube.com/shorts/vT8bxRej1ik,,,,
日常,https://www.youtube.com/shorts/lmslbW8VMDY,,,,
時尚,https://www.youtube.com/shorts/VfZPBYgvBfA,,,,
時尚,https://www.youtube.com/shorts/Ub7uVLtClBM,,,,
娛樂搞笑,https://www.youtube.com/shorts/SxQ_2uftDCI,,,,
娛樂搞笑,https://www.youtube.com/shorts/COnTZPZZcow,,,,
"時尚, 藝術",https://www.youtube.com/shorts/46Mc6T_MPRY,,,,
"日常, 反應",https://www.youtube.com/shorts/rURCkkbHu-4,,,,
"娛樂搞笑, 電影",https://www.youtube.com/shorts/a_1nVKqF6ZE,,,,
時尚,https://www.youtube.com/shorts/nCCLou8uZ0E,,,,
"動物, 反應",https://www.youtube.com/shorts/Y4jpSMgMSqc,,,,
"名人, 反應",https://www.youtube.com/shorts/EqqOgEjcJqw,,,,
"反應, 動畫, 電影",https://www.youtube.com/shorts/GKqkJMVnEss,,,,
日常,https://www.youtube.com/shorts/i_7yAbetyKc,,,,
"反應, 挑戰",https://www.youtube.com/shorts/MIj9UIw3ogE,,,,
,,,,,
日常,https://www.youtube.com/shorts/nbQUgMnDRkQ,,,,
時尚,https://www.youtube.com/shorts/fZoKIb9BmIk,,,,
"娛樂搞笑, 惡整, 反應",https://www.youtube.com/shorts/vnNDr5S5T8w,,,,
"名人, 運動",https://www.youtube.com/shorts/EbNyEdLWXhg,,,,
"名人, 娛樂搞笑",https://www.youtube.com/shorts/Ubz_wRjHHJ0,,,,
日常,https://www.youtube.com/shorts/BIZYCN9en2g,,,,
"日常, 實驗創意",https://www.youtube.com/shorts/3jR6zcaXqkg,,,,
反應,https://www.youtube.com/shorts/CLmK3QbyZeI,,,,
日常,https://www.youtube.com/shorts/h9vvM0s4XAA,,,,
"日常, 食物",https://www.youtube.com/shorts/OZ5t7OxZTWA,,,,
"反應, 動物",https://www.youtube.com/shorts/tE7AOck_oj4,,,,
日常,https://www.youtube.com/shorts/pw1OY6nw5tc,,,,
"娛樂搞笑, 惡整",https://www.youtube.com/shorts/3lZhEMUSMw0,,,,
"日常, 反應",https://www.youtube.com/shorts/b9kRTOUwuUw,,,,
"運動, 名人",https://www.youtube.com/shorts/eOLj0qO9vTE,,,,
"日常, 反應",https://www.youtube.com/shorts/hwXtEule6R4,,,,
名人,,,,,
挑戰,https://www.youtube.com/shorts/Da_m8pugiOw,,,,
"挑戰, 運動",https://www.youtube.com/shorts/bDo2YgLa4n8,,,,
健康,https://www.youtube.com/shorts/t5dWJYi6qS0,,,,
娛樂搞笑,https://www.youtube.com/shorts/vOP8e2_SSgg,,,,
"日常, 娛樂搞笑",https://www.youtube.com/shorts/F7QoILkoWEE,,,,
"日常, 娛樂搞笑",https://www.youtube.com/shorts/bFykOLuG82g,,,,
日常,https://www.youtube.com/shorts/spRPDHzoTHs,,,,
科技,,,,,
動物,https://www.youtube.com/shorts/bg4I_NtOshE,,,,
遊戲,https://www.youtube.com/shorts/G3ipp728KjY,,,,
遊戲,https://www.youtube.com/shorts/9Ql19LAnVNo,,,,
"娛樂搞笑, 日常",https://www.youtube.com/shorts/OJNkPHI7Z4c,,,,
"名人, 反應",https://www.youtube.com/shorts/c90E-czXk4k,,,,
"動畫, 電影",https://www.youtube.com/shorts/_V-WC1ep0M4,,,,
惡整,https://www.youtube.com/shorts/GHry8wW0GAI,,,,
"名人, 日常",https://www.youtube.com/shorts/Ds3GkJM4qpM,,,,
詭異,,,,,
音樂舞蹈,https://www.youtube.com/shorts/26ZyFhjiPBU,,,,
動物,https://www.youtube.com/shorts/uB8hMH8YHIw,,,,
"運動, 名人",https://www.youtube.com/shorts/d4xrTwbnN8U,,,,
挑戰,https://www.youtube.com/shorts/_JNLFgWTx1s,,,,
療愈,https://www.youtube.com/shorts/CsOtlD-7SKs,,,,
科技,https://www.youtube.com/shorts/anQkq2JiScg,,,,
"娛樂搞笑, 時尚",https://www.youtube.com/shorts/HQRKKB-petE,,,,
"日常, 娛樂搞笑",https://www.youtube.com/shorts/KnIAvoob980,,,,
"動物, 反應",https://www.youtube.com/shorts/mQsdDoEWJT8,,,,
"反應, 動物",https://www.youtube.com/shorts/t0IVlMvEHVw,,,,
日常,https://www.youtube.com/shorts/HdnVxJa6aIg,,,,
日常,https://www.youtube.com/shorts/wPyG3nVbBRo,,,,
日常,https://www.youtube.com/shorts/Cr_8VOtis0c,,,,
"日常, 食物",https://www.youtube.com/shorts/6vIvwZ3EN-8,,,,
惡整,https://www.youtube.com/shorts/933ACK9SELs,,,,
日常,https://www.youtube.com/shorts/PPBAmyNWMMA,,,,
日常,https://www.youtube.com/shorts/WpGizlmNjy8,,,,
惡整,https://www.youtube.com/shorts/HSTePEzGSys,,,,
"反應, 動物",https://www.youtube.com/shorts/dGXWCpWBW7I,,,,
名人,https://www.youtube.com/shorts/TNtpUQbW4mg,,,,
"日常, 挑戰, 時尚",https://www.youtube.com/shorts/3bziBpJyiI8,,,,
"遊戲, 音樂舞蹈",https://www.youtube.com/shorts/9kTs6d1X_fI,,,,
運動,https://www.youtube.com/shorts/D44t5dZjsDs,,,,
挑戰,https://www.youtube.com/shorts/Q-yrShIg8IE,,,,
"日常, 挑戰",https://www.youtube.com/shorts/VnZG9Zi73wI,,,,
時尚,https://www.youtube.com/shorts/wUz1tLsq23A,,,,
"食物, 挑戰",https://www.youtube.com/shorts/lRMmEh-wEOQ,,,,
食物,https://www.youtube.com/shorts/F1LdCWsVvO4,,,,
惡整,https://www.youtube.com/shorts/Ma3fYRABG3Y,,,,
旅遊,https://www.youtube.com/shorts/WhoJ_UqQExQ,,,,
"挑戰, 日常",https://www.youtube.com/shorts/848IfSeMEdg,,,,
"動物, 勵志",https://www.youtube.com/shorts/ynUIGXr0MMw,,,,
反應,https://www.youtube.com/shorts/3Y2UrGI1Tko,,,,
"動畫, 娛樂搞笑",https://www.youtube.com/shorts/X5rG4q09DPQ,,,,
動物,https://www.youtube.com/shorts/C39zlJIWPAA,,,,
"日常, 科技",https://www.youtube.com/shorts/9CYtsoU3nYw,,,,
"遊戲, 名人",https://www.youtube.com/shorts/ds5IGgxKw1c,,,,
,,,,,
日常,https://www.youtube.com/shorts/PlNlxcuxTu8,,,,
遊戲,https://www.youtube.com/shorts/p-QtE1qPZg8,,,,
"電影, 反應",https://www.youtube.com/shorts/KteVBt5aowk,,,,
動畫,https://www.youtube.com/shorts/uq6mlrA_xYA,,,,
電影,https://www.youtube.com/shorts/Yd7nLbpGGtI,,,,
教學,https://www.youtube.com/shorts/0lbAkZwUlfQ,,,,
日常,https://www.youtube.com/shorts/Vfi9QPsgkEk,,,,
"遊戲, 音樂舞蹈",https://www.youtube.com/shorts/7g3Dq1tTx40,,,,
旅遊,https://www.youtube.com/shorts/-sN9Bqz2Vp4,,,,
日常,https://www.youtube.com/shorts/a1PX0Ps9Jmo,,,,
娛樂搞笑,https://www.youtube.com/shorts/YZ03wegoVNU,,,,
健康,https://www.youtube.com/shorts/Dh1UiMuwKIc,,,,
日常,https://www.youtube.com/shorts/K1ml9Sev2M0,,,,
旅遊,https://www.youtube.com/shorts/RrGkVhQ9uTM,,,,
挑戰,https://www.youtube.com/shorts/JaIacA_4p5U,,,,
日常,https://www.youtube.com/shorts/IfrMb9tEkn0,,,,
藝術,https://www.youtube.com/shorts/9W_wxwYKb5g,,,,
時尚,https://www.youtube.com/shorts/_NUwM3kvVFE,,,,
日常,https://www.youtube.com/shorts/UdH-D82hn3o,,,,
"遊戲, 娛樂搞笑",https://www.youtube.com/shorts/d84XlNjoNGA,,,,
時尚,https://www.youtube.com/shorts/UQFEEItarOc,,,,
娛樂搞笑,https://www.youtube.com/shorts/s8xD4RRjelc,,,,
動物,https://www.youtube.com/shorts/aoqV0Qodz1Q,,,,
遊戲,https://www.youtube.com/shorts/734SI3cwz0s,,,,
動畫,https://www.youtube.com/shorts/7FCjDgvBxug,,,,
日常,https://www.youtube.com/shorts/2iFsM-mLSy4,,,,
"動物, 娛樂搞笑",https://www.youtube.com/shorts/AdC_lOlL3oc,,,,
"日常, 科技",https://www.youtube.com/shorts/NXc3IEK_vOc,,,,
"音樂舞蹈, 反應, 動物",https://www.youtube.com/shorts/5_DjYY5ux-w,,,,
科技,https://www.youtube.com/shorts/DQFGn3c0BN0,,,,
"電影, 動畫",https://www.youtube.com/shorts/6qb7Yp4bjGA,,,,
"日常, 時尚",https://www.youtube.com/shorts/i0Mvdx0_ofU,,,,
"動物, 日常",https://www.youtube.com/shorts/sdNKcmKzcko,,,,
"日常, 挑戰",https://www.youtube.com/shorts/j-fsbBTpGxE,,,,
遊戲,https://www.youtube.com/shorts/ycv1d0-8E38,,,,
日常,https://www.youtube.com/shorts/ysYcZVyVfw0,,,,
名人,https://www.youtube.com/shorts/S_CUEOBZ0P4,,,,
日常,https://www.youtube.com/shorts/zfIfb0qz2Vk,,,,
勵志,https://www.youtube.com/shorts/CwEV74vAoYQ,,,,
勵志,https://www.youtube.com/shorts/L2RXxqtHB-o,,,,
遊戲,https://www.youtube.com/shorts/Ua9WYQihSCs,,,,
挑戰,https://www.youtube.com/shorts/JpewGrcQSKc,,,,
藝術,https://www.youtube.com/shorts/H4K8mlepv70,,,,
動畫,https://www.youtube.com/shorts/0Czbh8PadkE,,,,
名人,https://www.youtube.com/shorts/fjn8axAbQ_Y,,,,
"運動, 挑戰, 名人",https://www.youtube.com/shorts/R7oW0LwS_e4,,,,
"日常, 名人",https://www.youtube.com/shorts/obmuegkQiKY,,,,
"動物, 反應",https://www.youtube.com/shorts/wLrrygF-wp0,,,,
娛樂搞笑,https://www.youtube.com/shorts/-TKY44mSZwc,,,,
音樂舞蹈,https://www.youtube.com/shorts/_QNHi2V06ZE,,,,
"電影, 名人",https://www.youtube.com/shorts/MpVTU3UYVd4,,,,
"娛樂搞笑, 反應",https://www.youtube.com/shorts/3Rcc1afohPM,,,,
電影,https://www.youtube.com/shorts/R-47m7hg1f4,,,,
娛樂搞笑,https://www.youtube.com/shorts/n7x4Jj9pdH8,,,,
運動,https://www.youtube.com/shorts/M8_WipBeyVg,,,,
"動物, 反應",https://www.youtube.com/shorts/tHHCjtbZz8U,,,,
"娛樂搞笑, 電影",https://www.youtube.com/shorts/JRc5ENzXJCA,,,,
"娛樂搞笑, 反應",https://www.youtube.com/shorts/QtDEiZTAL0E,,,,
旅遊,https://www.youtube.com/shorts/bWTN_xxODog,,,,
"日常, 名人",https://www.youtube.com/shorts/d0-auSIk8Rg,,,,
動畫,https://www.youtube.com/shorts/t_wTiTeYMTA,,,,
"日常, 反應",https://www.youtube.com/shorts/tlzyVeflf8Q,,,,
"名人, 反應",https://www.youtube.com/shorts/7moLcDWRGuc,,,,
"日常, 反應",https://www.youtube.com/shorts/0cz35MGCo0Y,,,,
動物,https://www.youtube.com/shorts/-UeUEG4WxCg,,,,
"旅遊, 反應",https://www.youtube.com/shorts/61XTinCxwQ0,,,,
遊戲,https://www.youtube.com/shorts/M7MDUB148Vw,,,,
"藝術, 時尚",https://www.youtube.com/shorts/kBTxLd3e1D0,,,,
動畫,,,,,
"娛樂搞笑, 惡整",https://www.youtube.com/shorts/qWcms2jHFx8,,,,
惡整,https://www.youtube.com/shorts/kflYxob7uRM,,,,
挑戰,https://www.youtube.com/shorts/pS3xpTlkuck,,,,
"動畫, 電影",https://www.youtube.com/shorts/xK3iTY2jbnE,,,,
日常,https://www.youtube.com/shorts/b7kMx3gL2qo,,,,
動畫,https://www.youtube.com/shorts/JUi97FvxgAY,,,,
日常,https://www.youtube.com/shorts/vvDmu7nGkl4,,,,
詭異,https://www.youtube.com/shorts/LrTXqeWDyfM,,,,
食物,https://www.youtube.com/shorts/VihZQffK240,,,,
名人,https://www.youtube.com/shorts/0NwaUy8prOM,,,,
食物,,,,,
實驗創意,https://www.youtube.com/shorts/VTSB0B4OL8U,,,,
"挑戰, 食物",https://www.youtube.com/shorts/OgXy5t27SuY,,,,
"娛樂搞笑, 日常",https://www.youtube.com/shorts/PcXcL5iCeNQ,,,,
藝術,https://www.youtube.com/shorts/264etYyDH1k,,,,
日常,https://www.youtube.com/shorts/bhX1AdBrRbw,,,,
教學,https://www.youtube.com/shorts/lumhBmbmGEc,,,,
日常,https://www.youtube.com/shorts/qwAVcmSBFXQ,,,,
食物,https://www.youtube.com/shorts/504TTHI-Ve4,,,,
運動,https://www.youtube.com/shorts/DfZFQvGdeTw,,,,
挑戰,https://www.youtube.com/shorts/-4Ou0_78OLA,,,,
挑戰,https://www.youtube.com/shorts/yXc8LdHSDQc,,,,
電影,https://www.youtube.com/shorts/WKBx53tjRrw,,,,
挑戰,,,,,
"日常, 反應",https://www.youtube.com/shorts/Sy3Zcsf7vCk,,,,
"動畫, 電影",https://www.youtube.com/shorts/m2eMA50rI_o,,,,
"娛樂搞笑, 日常",https://www.youtube.com/shorts/ombCChR6b28,,,,
"娛樂搞笑, 運動",https://www.youtube.com/shorts/TKYrownpaMc,,,,
名人,https://www.youtube.com/shorts/rWBOITBjitE,,,,
時尚,https://www.youtube.com/shorts/E6pD_d7-De8,,,,
娛樂搞笑,https://www.youtube.com/shorts/DEEbd0f8akE,,,,
藝術,https://www.youtube.com/shorts/Wxl2ryfLvFM,,,,
運動,https://www.youtube.com/shorts/cXo3wquirag,,,,
藝術,https://www.youtube.com/shorts/etVEKzscask,,,,
"遊戲, 娛樂搞笑",https://www.youtube.com/shorts/Z4U72yNHniM,,,,
魔術,https://www.youtube.com/shorts/3kDUs1n5I70,,,,
"食物, 名人",https://www.youtube.com/shorts/4-ypH8qNznE,,,,
"反應, 動物",https://www.youtube.com/shorts/-HXsTI66sG0,,,,
"勵志, 旅遊",https://www.youtube.com/shorts/HYYi41-GgEk,,,,
"惡整, 娛樂搞笑",https://www.youtube.com/shorts/hhm7J6v5r-Y,,,,
"娛樂搞笑, 名人",https://www.youtube.com/shorts/cha_dEx6zD4,,,,
"日常, 娛樂搞笑",https://www.youtube.com/shorts/uUERi3_BLrg,,,,
電影,https://www.youtube.com/shorts/Y-wMRL0lO_8,,,,
日常,https://www.youtube.com/shorts/LTjg6QQFkd8,,,,
娛樂搞笑,https://www.youtube.com/shorts/wJyLyc0UooM,,,,
動畫,https://www.youtube.com/shorts/TfCGmDKlq3E,,,,
旅遊,https://www.youtube.com/shorts/NP5qD_3DBNc,,,,
旅遊,https://www.youtube.com/shorts/TZUjrNzrd94,,,,
撲克牌,https://www.youtube.com/shorts/Y3ya14JPcfA,,,,
日常,https://www.youtube.com/shorts/gdU3-Iu3RGU,,,,
電影,https://www.youtube.com/shorts/xoCA23nPwXs,,,,
娛樂搞笑,https://www.youtube.com/shorts/IQ14AVePD_g,,,,
運動,https://www.youtube.com/shorts/k7xbR_Kvb2k,,,,
名人,https://www.youtube.com/shorts/KnBJIhrIV-Q,,,,
運動,https://www.youtube.com/shorts/50mGwWTni7c,,,,
撲克牌,https://www.youtube.com/shorts/hikdX-_3UI0,,,,
運動,https://www.youtube.com/shorts/eAt8SVfnWgY,,,,
運動,https://www.youtube.com/shorts/ut9wQAuw3WM,,,,
動畫,https://www.youtube.com/shorts/tQ5neBIGPmQ,,,,
"娛樂搞笑, 日常",https://www.youtube.com/shorts/p_ytEsQqIFc,,,,
名人,https://www.youtube.com/shorts/lz1gAs4UFlA,,,,
運動,https://www.youtube.com/shorts/IdT8TgOdI0w,,,,
娛樂搞笑,https://www.youtube.com/shorts/7E8h_ERnzVE,,,,
撲克牌,https://www.youtube.com/shorts/ws78xRTkMic,,,,
挑戰,https://www.youtube.com/shorts/N0pwLtonPdg,,,,
運動,https://www.youtube.com/shorts/xiqQgJsO4pk,,,,
電影,https://www.youtube.com/shorts/q3OueDwIXeg,,,,
食物,https://www.youtube.com/shorts/GNN4uphsYX4,,,,
音樂舞蹈,https://www.youtube.com/shorts/pN1iOgipHAY,,,,
電影,https://www.youtube.com/shorts/-gcEf0IE118,,,,
挑戰,https://www.youtube.com/shorts/fP-_vyVyAzU,,,,
名人,https://www.youtube.com/shorts/zW9R9ggxOiw,,,,
運動,https://www.youtube.com/shorts/WVJEOQmLcjI,,,,
運動,https://www.youtube.com/shorts/5swz3G0E7iY,,,,
運動,https://www.youtube.com/shorts/i0Ohc7qbUtY,,,,
運動,https://www.youtube.com/shorts/ASIcbBv2DkY,,,,
日常,https://www.youtube.com/shorts/CSZZK0FUxN8,,,,
挑戰,https://www.youtube.com/shorts/nusgHcUbUYA,,,,
"娛樂搞笑, 日常",https://www.youtube.com/shorts/MLdp-1Z3Hm0,,,,
名人,https://www.youtube.com/shorts/mmB-evRcNsk,,,,
"時尚, 娛樂搞笑",https://www.youtube.com/shorts/APzQZivn2EE,,,,
旅遊,https://www.youtube.com/shorts/5Y-174uew-k,,,,
電影,https://www.youtube.com/shorts/CoEi6bMWbyI,,,,
日常,https://www.youtube.com/shorts/WGqq4aUhRf8,,,,
"遊戲, 詭異",https://www.youtube.com/shorts/8CRgBccIl6A,,,,
"日常, 時尚",https://www.youtube.com/shorts/BtqUIY5Vj6Y,,,,
"科技, 實驗創意",https://www.youtube.com/shorts/QH2oghGIXGE,,,,
"食物, 惡整, 娛樂搞笑",https://www.youtube.com/shorts/twlIiQYPN18,,,,
日常,https://www.youtube.com/shorts/mvEw6KAfawc,,,,
"音樂舞蹈, 時尚",https://www.youtube.com/shorts/EjAiQABKqeA,,,,
音樂舞蹈,https://www.youtube.com/shorts/kIpzIP-Hc9k,,,,
"挑戰, 食物",https://www.youtube.com/shorts/0Qcmd-VZpeU,,,,
實驗創意,https://www.youtube.com/shorts/viSQaIZ9Enk,,,,
藝術,https://www.youtube.com/shorts/TMftcCJm08E,,,,
,,,,,
"娛樂搞笑, 排名",https://www.youtube.com/shorts/IJ0GmqU4prw,,,,
"日常, 娛樂搞笑",https://www.youtube.com/shorts/0ddcOryo3ho,,,,
反應,https://www.youtube.com/shorts/6b9NbiAV9uw,,,,
時尚,https://www.youtube.com/shorts/xUxIDVFJECM,,,,
惡整,https://www.youtube.com/shorts/4amd4BkSdPo,,,,
運動,https://www.youtube.com/shorts/CmPC_hD5pyA,,,,
時尚,https://www.youtube.com/shorts/qqxblYh5N7M,,,,
遊戲,https://www.youtube.com/shorts/VhtXHKBcJQ8,,,,
,,,,,
電影,https://www.youtube.com/shorts/0IrFUwKJG5o,,,,
運動,https://www.youtube.com/shorts/UQDTyurGNj4,,,,
"電影, 動畫, 反應",https://www.youtube.com/shorts/_-5UgOTYAK8,,,,
旅遊,https://www.youtube.com/shorts/bBO29HYiP88,,,,
"遊戲, 詭異",https://www.youtube.com/shorts/rmNtez0iKIQ,,,,
音樂舞蹈,https://www.youtube.com/shorts/MgYl6y4BJQI,,,,
動畫,https://www.youtube.com/shorts/eiQXzevxq88,,,,
時尚,https://www.youtube.com/shorts/1ztckE-2ju4,,,,
名人,https://www.youtube.com/shorts/b5FeJMNRPYE,,,,
娛樂搞笑,https://www.youtube.com/shorts/JkEHVJpRRgI,,,,
動畫,https://www.youtube.com/shorts/7UYs0fUvrgw,,,,
魔術,https://www.youtube.com/shorts/Jf-2io_Fuc8,,,,
時尚,https://www.youtube.com/shorts/3FXpuoW3_1I,,,,
時尚,https://www.youtube.com/shorts/wvCPr6u1nrU,,,,
"名人, 反應",https://www.youtube.com/shorts/vzIg2xDXXRI,,,,
時尚,,,,,
"日常, 娛樂搞笑",https://www.youtube.com/shorts/OIR05va7iSI,,,,
療愈,https://www.youtube.com/shorts/PyItKcJapgI,,,,
名人,https://www.youtube.com/shorts/a5C0dLq3KKE,,,,
娛樂搞笑,https://www.youtube.com/shorts/f0mISXhMY9E,,,,
"旅遊, 日常, 教學",https://www.youtube.com/shorts/ju3wBXT_-tw,,,,
日常,https://www.youtube.com/shorts/4MTEUYaGdU4,,,,
,,,,,
音樂舞蹈,https://www.youtube.com/shorts/IwSrf0DB8tg,,,,
"名人, 反應",https://www.youtube.com/shorts/n01i6De9Iag,,,,
日常,https://www.youtube.com/shorts/8BwuaHslsWA,,,,
電影,https://www.youtube.com/shorts/lXxCTm76Smk,,,,
旅遊,https://www.youtube.com/shorts/lamaeieHtXw,,,,
食物,https://www.youtube.com/shorts/gENwg9Ja104,,,,
娛樂搞笑,https://www.youtube.com/shorts/peRlV9vWe0M,,,,
"名人, 反應",https://www.youtube.com/shorts/7fR3RA4alcI,,,,
惡整,https://www.youtube.com/shorts/ATC4L-MEbXI,,,,
"挑戰, 動畫",https://www.youtube.com/shorts/ePnduqXe768,,,,
"教學, 時尚",https://www.youtube.com/shorts/Cid0lwyjtM4,,,,
運動,https://www.youtube.com/shorts/Xx3QkS-8UHI,,,,
魔術,https://www.youtube.com/shorts/m2ALt9-ni84,,,,
電影,https://www.youtube.com/shorts/UZ72768xHpk,,,,
科技,https://www.youtube.com/shorts/6OP20k7V6qc,,,,
藝術,https://www.youtube.com/shorts/CCsh9x6AOo0,,,,
日常,https://www.youtube.com/shorts/nVYBbzcWbAQ,,,,
,,,,,
電影,https://www.youtube.com/shorts/QRLsjLUG10g,,,,
"娛樂搞笑, 動物",https://www.youtube.com/shorts/OGV0t9Ptu4s,,,,
"動畫, 娛樂搞笑",https://www.youtube.com/shorts/cc4iz06PW88,,,,
電影,https://www.youtube.com/shorts/Gak1MP5j8Xw,,,,
排名,https://www.youtube.com/shorts/pZtZcvQY_4g,,,,
"娛樂搞笑, 日常",https://www.youtube.com/shorts/w5D_I_lwJyM,,,,
"日常, 排名",https://www.youtube.com/shorts/Fg-sPUTHKx4,,,,
時尚,https://www.youtube.com/shorts/96ddiEnJeBw,,,,
動畫,https://www.youtube.com/shorts/VsIWiZJopf4,,,,
"教學, 旅遊",https://www.youtube.com/shorts/73v0Brmpo0c,,,,
日常,,,,,
娛樂搞笑,https://www.youtube.com/shorts/GCqhaYJVnto,,,,
日常,https://www.youtube.com/shorts/BO0KKRmQesw,,,,
日常,https://www.youtube.com/shorts/RYVuA5KjmNc,,,,
"名人, 運動",https://www.youtube.com/shorts/7iQZu4K2rGM,,,,
音樂舞蹈,https://www.youtube.com/shorts/FgPhLKSGP_s,,,,
日常,https://www.youtube.com/shorts/FaPIGFdLDaA,,,,
音樂舞蹈,https://www.youtube.com/shorts/lLu_gOkzh1E,,,,
"教學, 娛樂搞笑",https://www.youtube.com/shorts/zXZVgbqnEBI,,,,
"藝術, 音樂舞蹈, 時尚",https://www.youtube.com/shorts/_yTSMm3YceM,,,,
教學,https://www.youtube.com/shorts/ZD-pwQcSWTY,,,,
"電影, 名人, 娛樂搞笑",https://www.youtube.com/shorts/HYW1czz9J9I,,,,
娛樂搞笑,https://www.youtube.com/shorts/fOmrwFiGaTc,,,,
娛樂搞笑,https://www.youtube.com/shorts/ojiRBMyrdF8,,,,
日常,https://www.youtube.com/shorts/G1Q30lmy0d8,,,,
電影,https://www.youtube.com/shorts/EzmY_TVVFrc,,,,
旅遊,https://www.youtube.com/shorts/D_9PAkxuLp0,,,,
娛樂搞笑,https://www.youtube.com/shorts/0xanur70uME,,,,
"音樂舞蹈, 時尚",https://www.youtube.com/shorts/4sUsOBhV1iA,,,,
"名人, 反應",https://www.youtube.com/shorts/k8pWOOjCojM,,,,
電影,https://www.youtube.com/shorts/5Al8P9X0oV8,,,,
惡整,https://www.youtube.com/shorts/subovJpeZ0Q,,,,
教學,https://www.youtube.com/shorts/w2RVusLliWE,,,,
,,,,,
時尚,https://www.youtube.com/shorts/cpGTLcdt0_E,,,,
"日常, 娛樂搞笑",https://www.youtube.com/shorts/prbACAEEO4w,,,,
,,,,,
,,,,,
"名人, 電影",https://www.youtube.com/shorts/Ba4zjzY-0X4,,,,
"藝術, 旅遊",https://www.youtube.com/shorts/IxKPBQpa3w8,,,,
旅遊,https://www.youtube.com/shorts/_unQ8S29wnE,,,,
教學,https://www.youtube.com/shorts/CsYPcofmlBI,,,,
"名人, 反應",https://www.youtube.com/shorts/OEFXcZBpS2o,,,,
"日常, 反應",https://www.youtube.com/shorts/8SRc4b6MXig,,,,
名人,https://www.youtube.com/shorts/8Z7N-gTeu2Y,,,,
"挑戰, 日常",https://www.youtube.com/shorts/jbdqG3N1uVk,,,,
藝術,https://www.youtube.com/shorts/0Cm3PR0wF9s,,,,
"日常, 娛樂搞笑, 反應",https://www.youtube.com/shorts/8i4ssdH5h00,,,,
日常,https://www.youtube.com/shorts/laIn3e79FUA,,,,
教學,https://www.youtube.com/shorts/daV8xAT-UGs,,,,
電影,https://www.youtube.com/shorts/WeNM208CSwY,,,,
音樂舞蹈,https://www.youtube.com/shorts/Qpg3yLbm9XY,,,,
"名人, 反應",https://www.youtube.com/shorts/1lcpSxX6Qn8,,,,
"日常, 食物",https://www.youtube.com/shorts/y8ICXMBmEe8,,,,
音樂舞蹈,https://www.youtube.com/shorts/gqI10B01KUE,,,,
日常,https://www.youtube.com/shorts/ptdFiOE4z0g,,,,
"動畫, 娛樂搞笑",https://www.youtube.com/shorts/BfE9aoRd3qs,,,,
"日常, 娛樂搞笑",https://www.youtube.com/shorts/_zJ_snJZw3Y,,,,
娛樂搞笑,https://www.youtube.com/shorts/R2puBrVZD1I,,,,
"名人, 反應",https://www.youtube.com/shorts/Ft-e99cEggg,,,,
挑戰,https://www.youtube.com/shorts/1N5O_EJScgg,,,,
"日常, 娛樂搞笑, 反應",https://www.youtube.com/shorts/T_cy4ToM2g0,,,,
時尚,https://www.youtube.com/shorts/LsGBHFQkNv4,,,,
挑戰,https://www.youtube.com/shorts/nO5-cp9tCNk,,,,
遊戲,https://www.youtube.com/shorts/0VeLfracv1Q,,,,
反應,https://www.youtube.com/shorts/gEOYroTuoA8,,,,
"反應, 娛樂搞笑",https://www.youtube.com/shorts/ks-OXlmefdA,,,,
名人,https://www.youtube.com/shorts/4P8xsApPdZg,,,,
"娛樂搞笑, 反應",https://www.youtube.com/shorts/kURsZFgbOAI,,,,
"名人, 動畫, 反應",https://www.youtube.com/shorts/ubUjYZ328TU,,,,
"日常, 反應",https://www.youtube.com/shorts/N_XrcY2b6xE,,,,
"教學, 日常, 時尚",https://www.youtube.com/shorts/lyqynxwhMr4,,,,
電影,https://www.youtube.com/shorts/3wZOheCUFSQ,,,,
娛樂搞笑,https://www.youtube.com/shorts/p51o4qTV0vI,,,,
教學,https://www.youtube.com/shorts/3MF4_5u30J4,,,,
挑戰,https://www.youtube.com/shorts/XgFGHDUbUDk,,,,
"名人, 反應",https://www.youtube.com/shorts/w24XJARc-Ek,,,,
"教學, 藝術",https://www.youtube.com/shorts/Cw7Klk9aft4,,,,
"名人, 反應",https://www.youtube.com/shorts/WbBG2W70zos,,,,
"動物, 反應",https://www.youtube.com/shorts/HHmsCsTvx9E,,,,
"娛樂搞笑, 音樂舞蹈, 名人",https://www.youtube.com/shorts/r-rLeLMwvpE,,,,
名人,https://www.youtube.com/shorts/tI-QDl0oFMo,,,,
動畫,https://www.youtube.com/shorts/5m80z19WZ_I,,,,
"娛樂搞笑, 反應",https://www.youtube.com/shorts/epBB-2kHMxA,,,,
"日常, 娛樂搞笑",https://www.youtube.com/shorts/j8VaMc3OFiw,,,,
名人,https://www.youtube.com/shorts/OFMbUMIzcSQ,,,,
"日常, 娛樂搞笑",https://www.youtube.com/shorts/1wPBCDyTq2k,,,,
動畫,https://www.youtube.com/shorts/ABpEW8VYfH0,,,,
"娛樂搞笑, 運動, 名人",https://www.youtube.com/shorts/sgC734u0hGI,,,,
日常,https://www.youtube.com/shorts/QhOEWfNvFQ8,,,,
"名人, 反應, 動物",https://www.youtube.com/shorts/ecbvJ_Exk38,,,,
"名人, 運動",https://www.youtube.com/shorts/DFb48QXHKYw,,,,
"名人, 挑戰, 遊戲",https://www.youtube.com/shorts/qtWqHIx8Z-o,,,,
"動物, 排名",https://www.youtube.com/shorts/WB4Y6tCZ5-4,,,,
惡整,https://www.youtube.com/shorts/zNn3LxxSlVE,,,,
惡整,https://www.youtube.com/shorts/FnBvYp7AXT8,,,,
"運動, 名人",https://www.youtube.com/shorts/UrIYf5E1lFE,,,,
"日常, 娛樂搞笑, 反應",https://www.youtube.com/shorts/IXx-lvDK2fo,,,,
惡整,https://www.youtube.com/shorts/-Wli1tM-EPw,,,,
"日常, 惡整, 反應",https://www.youtube.com/shorts/YSljEqV0Pv4,,,,
日常,https://www.youtube.com/shorts/CgFO8I5Wdkg,,,,
藝術,https://www.youtube.com/shorts/p25sogQytZU,,,,
名人,https://www.youtube.com/shorts/sAPOx8pqB4o,,,,
娛樂搞笑,https://www.youtube.com/shorts/1rAw6GMJkOc,,,,
日常,https://www.youtube.com/shorts/-aMS5M2KnSk,,,,
"音樂舞蹈, 時尚",https://www.youtube.com/shorts/nPhfhklLdnQ,,,,
電影,https://www.youtube.com/shorts/gO67K85yxOM,,,,
動物,https://www.youtube.com/shorts/ezH7P09POtY,,,,
"藝術, 教學",https://www.youtube.com/shorts/cxjPZdjUgDw,,,,
教學,https://www.youtube.com/shorts/p3GmD0oO1ik,,,,
娛樂搞笑,https://www.youtube.com/shorts/otLUQrttUB4,,,,
日常,https://www.youtube.com/shorts/eIueWZKEImo,,,,
動物,https://www.youtube.com/shorts/poOZFMBsjCQ,,,,
"娛樂搞笑, 反應",https://www.youtube.com/shorts/DtVoXAnSRWI,,,,
教學,https://www.youtube.com/shorts/Cw5DfmL7noU,,,,
排名,https://www.youtube.com/shorts/u1S3js1b09Y,,,,
時尚,https://www.youtube.com/shorts/zCpFCJ76I4M,,,,
"勵志, 動物",https://www.youtube.com/shorts/a77-ww2E5Fk,,,,
動物,https://www.youtube.com/shorts/fRG6zP3WEhM,,,,
"遊戲, 娛樂搞笑",https://www.youtube.com/shorts/mjwCpNK9DOg,,,,
音樂舞蹈,https://www.youtube.com/shorts/72s6rF2AnJE,,,,
"日常, 娛樂搞笑",https://www.youtube.com/shorts/KbgIQ0DVWIo,,,,
動畫,https://www.youtube.com/shorts/E6fk6ykj4ng,,,,
日常,https://www.youtube.com/shorts/zLAVrWi1n0w,,,,
"娛樂搞笑, 反應",https://www.youtube.com/shorts/1Ky2-yT05k8,,,,
"科技, 反應, 日常",https://www.youtube.com/shorts/F60KMn_CJVM,,,,
挑戰,https://www.youtube.com/shorts/i6UrxM4sOyI,,,,
"日常, 娛樂搞笑",https://www.youtube.com/shorts/8O8DrZQ7keM,,,,
"娛樂搞笑, 日常",https://www.youtube.com/shorts/IdI4HW8hfo4,,,,
挑戰,https://www.youtube.com/shorts/VOhdrUc2pFM,,,,
運動,https://www.youtube.com/shorts/x6BUzTozPXU,,,,
音樂舞蹈,https://www.youtube.com/shorts/tJSpdUeO2L8,,,,
娛樂搞笑,https://www.youtube.com/shorts/LqrbMH2UBAs,,,,
音樂舞蹈,https://www.youtube.com/shorts/zAUBuf3ISwY,,,,
"動畫, 日常, 娛樂搞笑",https://www.youtube.com/shorts/AL2-6dwdw8k,,,,
挑戰,https://www.youtube.com/shorts/Ih0bm4BoNKA,,,,
音樂舞蹈,https://www.youtube.com/shorts/GCx3mYKkxLQ,,,,
"音樂舞蹈, 挑戰",https://www.youtube.com/shorts/qlH31qK-Lh8,,,,
反應,https://www.youtube.com/shorts/TyGgAOX6YYM,,,,
"教學, 反應",https://www.youtube.com/shorts/bJc0K1zRxfs,,,,
遊戲,https://www.youtube.com/shorts/fuPQqewu71g,,,,
"動畫, 教學",https://www.youtube.com/shorts/yMGXCNlJiVU,,,,
動物,https://www.youtube.com/shorts/RDhgJ6sL1hk,,,,
挑戰,https://www.youtube.com/shorts/Mb_vPYziQvc,,,,
藝術,https://www.youtube.com/shorts/D4eknCvXFwA,,,,
"日常, 動物",https://www.youtube.com/shorts/A5Esxirnhvc,,,,
運動,https://www.youtube.com/shorts/azfEPpna_s0,,,,
反應,https://www.youtube.com/shorts/rw3LsPoJHSs,,,,
音樂舞蹈,https://www.youtube.com/shorts/QWiBI609Zgo,,,,
"音樂舞蹈, 挑戰",https://www.youtube.com/shorts/TqOs1l3SIjw,,,,
食物,https://www.youtube.com/shorts/TzIW40fHZOk,,,,
名人,https://www.youtube.com/shorts/Fod3v7LF5d4,,,,
日常,https://www.youtube.com/shorts/3x5zLx_Y59o,,,,
"動畫, 反應",https://www.youtube.com/shorts/7s0v6LkyFfA,,,,
日常,https://www.youtube.com/shorts/gQOQ82dJaRc,,,,
時尚,https://www.youtube.com/shorts/ryZ6d_C7P9Y,,,,
日常,https://www.youtube.com/shorts/oTzoKTYoICI,,,,
反應,https://www.youtube.com/shorts/utsjFCHIY84,,,,
運動,https://www.youtube.com/shorts/rq3GWan4kZQ,,,,
"名人, 時尚",https://www.youtube.com/shorts/eiH3RM5KuFg,,,,
藝術,https://www.youtube.com/shorts/4G1IZmXDmto,,,,
"娛樂搞笑, 音樂舞蹈",https://www.youtube.com/shorts/_5d1HDawMi8,,,,
"動畫, 娛樂搞笑, 反應",https://www.youtube.com/shorts/pdm1Py7Q-rM,,,,
日常,https://www.youtube.com/shorts/tViJ42AZszk,,,,
"娛樂搞笑, 名人, 反應",https://www.youtube.com/shorts/m8_CvzUS5zQ,,,,
療愈,https://www.youtube.com/shorts/HF15hfEPYPw,,,,
遊戲,https://www.youtube.com/shorts/unMpsdTviYY,,,,
動畫,https://www.youtube.com/shorts/Vff_VIOwFtU,,,,
"娛樂搞笑, 運動",https://www.youtube.com/shorts/AJjGsneRr9c,,,,
勵志,https://www.youtube.com/shorts/sCj2XOT1V8k,,,,
惡整,https://www.youtube.com/shorts/X_EU0NbT1GI,,,,
音樂舞蹈,https://www.youtube.com/shorts/kZq9NWVZ014,,,,
勵志,https://www.youtube.com/shorts/GG6iQ5ZNWV4,,,,
日常,https://www.youtube.com/shorts/GvZuQ71UxvM,,,,
"日常, 娛樂搞笑",https://www.youtube.com/shorts/yx2hA_Q_57g,,,,
食物,https://www.youtube.com/shorts/vrkeO2KAeag,,,,
"日常, 健康, 詭異",https://www.youtube.com/shorts/sezThyRaUyo,,,,
藝術,https://www.youtube.com/shorts/h4VYFG5KLic,,,,
挑戰,https://www.youtube.com/shorts/RPZBq_GVNnI,,,,
電影,https://www.youtube.com/shorts/CTzxMkVucFA,,,,
療愈,https://www.youtube.com/shorts/QoG6rqGdoV4,,,,
"日常, 反應",https://www.youtube.com/shorts/u7wKD3H9JSM,,,,
娛樂搞笑,https://www.youtube.com/shorts/nLrz2KzmL6g,,,,
"日常, 運動",https://www.youtube.com/shorts/SjcwCx2zlmM,,,,
"遊戲, 惡整",https://www.youtube.com/shorts/X3zRaVWQhB8,,,,
"詭異, 惡整",https://www.youtube.com/shorts/T-pcnUJ8dmQ,,,,
教學,https://www.youtube.com/shorts/IIZWSzdQdN8,,,,
"療愈, 食物",https://www.youtube.com/shorts/Q-ajaKJkk1w,,,,
"遊戲, 娛樂搞笑",https://www.youtube.com/shorts/K53sVn6wUcU,,,,
動畫,https://www.youtube.com/shorts/ZL1axHy7aV0,,,,
"娛樂搞笑, 時尚",https://www.youtube.com/shorts/mmh3hjc9_UI,,,,
"挑戰, 運動",https://www.youtube.com/shorts/-x54M3KzvfI,,,,
勵志,https://www.youtube.com/shorts/O_rxpHVWL4I,,,,
"娛樂搞笑, 反應",https://www.youtube.com/shorts/4gJgr2_wR8U,,,,
"藝術, 詭異",https://www.youtube.com/shorts/E-CGhTlpxqY,,,,
運動,https://www.youtube.com/shorts/VvpbA3de-h0,,,,
日常,https://www.youtube.com/shorts/Oj9BOg-HGaE,,,,
遊戲,https://www.youtube.com/shorts/l_uqPmFz-Uk,,,,
挑戰,https://www.youtube.com/shorts/mT0gREywsXc,,,,
教學,https://www.youtube.com/shorts/lm78isk_Zno,,,,
娛樂搞笑,https://www.youtube.com/shorts/JHX8JLGVsiY,,,,
運動,https://www.youtube.com/shorts/qZgaai-t6Wk,,,,
"動畫, 反應",https://www.youtube.com/shorts/BeYGxY5Ck0Y,,,,
"娛樂搞笑, 挑戰",https://www.youtube.com/shorts/dTWw6PzICCI,,,,
音樂舞蹈,https://www.youtube.com/shorts/AJHjBhAbec4,,,,
"遊戲, 挑戰",https://www.youtube.com/shorts/SjmugJI03M4,,,,
運動,https://www.youtube.com/shorts/VHMLrFV9104,,,,
音樂舞蹈,https://www.youtube.com/shorts/qK6Eb8J8kcQ,,,,
日常,https://www.youtube.com/shorts/YzrjOlZWE50,,,,
"名人, 反應",https://www.youtube.com/shorts/9-NZsGLDubc,,,,
"食物, 藝術",https://www.youtube.com/shorts/gS9oo8X466Q,,,,
"電影, 動畫",https://www.youtube.com/shorts/T-5uGr4PGOk,,,,
日常,https://www.youtube.com/shorts/a6OvNwHL7qI,,,,
"娛樂搞笑, 動畫",https://www.youtube.com/shorts/9oeriPr8Nr8,,,,
"日常, 娛樂搞笑",https://www.youtube.com/shorts/xw4YarqbzIc,,,,
教學,https://www.youtube.com/shorts/UvwodHzgZi8,,,,
"名人, 時尚",https://www.youtube.com/shorts/HE1Fxsw1QHY,,,,
"娛樂搞笑, 反應",https://www.youtube.com/shorts/xdAGTFZSGWo,,,,
"日常, 食物",https://www.youtube.com/shorts/ksw4f04E-Tg,,,,
"日常, 娛樂搞笑",https://www.youtube.com/shorts/vzm2OCX8F3Y,,,,
日常,https://www.youtube.com/shorts/UDwgi3v1y5I,,,,
日常,https://www.youtube.com/shorts/TF9syfatRyI,,,,
教學,https://www.youtube.com/shorts/EVAbCzGhnXM,,,,
"運動, 挑戰",https://www.youtube.com/shorts/N3vbQUEboqQ,,,,
"電影, 名人, 反應",https://www.youtube.com/shorts/wnjWX5pmC08,,,,
教學,https://www.youtube.com/shorts/3eNTdpELmvc,,,,
"日常, 電影, 娛樂搞笑",https://www.youtube.com/shorts/4yd5gI0ZB0k,,,,
"動畫, 娛樂搞笑",https://www.youtube.com/shorts/ILfs2qIqrWI,,,,
"運動, 名人, 反應",https://www.youtube.com/shorts/5J_vtgwJJAM,,,,
娛樂搞笑,https://www.youtube.com/shorts/TOVzh4I3j2w,,,,
娛樂搞笑,https://www.youtube.com/shorts/ppP7ZZ2GBoU,,,,
時尚,https://www.youtube.com/shorts/8eYMMuAwCho,,,,
"日常, 反應",https://www.youtube.com/shorts/N8StBEK2IHo,,,,
"動畫, 娛樂搞笑",https://www.youtube.com/shorts/wyRDNoMf50w,,,,
反應,https://www.youtube.com/shorts/6EYq4-GLRrY,,,,
娛樂搞笑,https://www.youtube.com/shorts/QO4KuY2fH00,,,,
"動物, 反應",https://www.youtube.com/shorts/IzMq_p48V5g,,,,
"食物, 娛樂搞笑",https://www.youtube.com/shorts/s-Qt1gU-9HE,,,,
動畫,https://www.youtube.com/shorts/sEM6UgzUJg8,,,,
日常,https://www.youtube.com/shorts/T0SbhBKh4aE,,,,
"日常, 娛樂搞笑",https://www.youtube.com/shorts/sigRW-lt8kk,,,,
娛樂搞笑,https://www.youtube.com/shorts/or92KA4soGM,,,,
"音樂舞蹈, 動物",https://www.youtube.com/shorts/GMr87B3jRMA,,,,
"藝術, 實驗創意",https://www.youtube.com/shorts/7vvdV87XhUI,,,,
"勵志, 食物",https://www.youtube.com/shorts/845iu56e7FA,,,,
"教學, 藝術",https://www.youtube.com/shorts/IY7YMUlQDko,,,,
藝術,https://www.youtube.com/shorts/OtJWWjfN16E,,,,
遊戲,https://www.youtube.com/shorts/K5WIxMGqYWA,,,,
電影,https://www.youtube.com/shorts/iz3SIdEuOVw,,,,
藝術,https://www.youtube.com/shorts/Dgrbg28yWL4,,,,
挑戰,https://www.youtube.com/shorts/SxQ_2uftDCI,,,,
"勵志, 惡整, 運動",https://www.youtube.com/shorts/39wlZpR-Yi0,,,,
娛樂搞笑,https://www.youtube.com/shorts/2UUuqZR0vVE,,,,
"遊戲, 挑戰",https://www.youtube.com/shorts/XVXBHBPTHyk,,,,
遊戲,https://www.youtube.com/shorts/8Q1bX7-eDGw,,,,
挑戰,https://www.youtube.com/shorts/Xd8WIGwD_FY,,,,
日常,https://www.youtube.com/shorts/Wv5_9GngaVI,,,,
動畫,https://www.youtube.com/shorts/wZfO1URxb00,,,,
"娛樂搞笑, 日常",https://www.youtube.com/shorts/GaFvFw6gh3k,,,,
"藝術, 動畫",https://www.youtube.com/shorts/ru4WOMhJvmw,,,,
運動,https://www.youtube.com/shorts/NI15tYi27TI,,,,
音樂舞蹈,https://www.youtube.com/shorts/z8qf9k-0rqs,,,,
運動,https://www.youtube.com/shorts/nnB5-iuhF5w,,,,
詭異,https://www.youtube.com/shorts/u0bBqmzqwdo,,,,
遊戲,https://www.youtube.com/shorts/Q8zLUo_MHOM,,,,
"惡整, 反應",https://www.youtube.com/shorts/Da9Kk2Z_H1A,,,,
動畫,https://www.youtube.com/shorts/3r_G1pXhDj0,,,,
遊戲,https://www.youtube.com/shorts/f5zvDapJ9oc,,,,
遊戲,https://www.youtube.com/shorts/xMZUUF_EifU,,,,
"藝術, 詭異",https://www.youtube.com/shorts/DAycjYXoy8w,,,,
"娛樂搞笑, 動畫",https://www.youtube.com/shorts/fFbyxG5tYgM,,,,
電影,https://www.youtube.com/shorts/MTA5UDQNYfY,,,,
,,,,,
,,,,,
"測試, 上方直接複製",https://www.youtube.com/shorts/bgLLtCnXsZY,,,,
"測試, 分享",https://youtube.com/shorts/bgLLtCnXsZY?si=ByVBsTlWddn4yFWT,,,,
"測試, 右鍵",https://www.youtube.com/shorts/bgLLtCnXsZY?feature=share,,,,
"測試, 上方直接複製",https://www.youtube.com/shorts/Hon1VCHTtvk,,,,
"分享, 測試",https://youtube.com/shorts/Hon1VCHTtvk?si=bzDE5svRBxAj8Sww,,,,
"右鍵, 測試",https://www.youtube.com/shorts/Hon1VCHTtvk?feature=share,,,,
"測試, 上方直接複製",https://www.youtube.com/shorts/gXEGtd2tIhU,,,,
"分享, 測試",https://youtube.com/shorts/gXEGtd2tIhU?si=Dd6uSIWa8OGbyFvt,,,,
"右鍵, 測試",https://www.youtube.com/shorts/gXEGtd2tIhU?feature=share,,,,
"測試, 上方直接複製",https://www.youtube.com/shorts/giFTV37-X7o,,,,
"測試, 分享",https://youtube.com/shorts/giFTV37-X7o?si=fLOkNxxd1JapOkwe,,,,
"測試, 右鍵",https://www.youtube.com/shorts/giFTV37-X7o?feature=share,,,,
"測試, 上方直接複製",https://www.youtube.com/shorts/ew_AX2eJNn4,,,,
"測試, 分享",https://youtube.com/shorts/ew_AX2eJNn4?si=ZhBWHRMCc9mcrlnL,,,,
"測試, 右鍵",https://www.youtube.com/shorts/ew_AX2eJNn4?feature=share,,,,